#
# There is insufficient memory for the Java Runtime Environment to continue.
# Native memory allocation (mmap) failed to map 182452224 bytes for G1 virtual space
# Possible reasons:
#   The system is out of physical RAM or swap space
#   The process is running with CompressedOops enabled, and the Java Heap may be blocking the growth of the native heap
# Possible solutions:
#   Reduce memory load on the system
#   Increase physical memory or swap space
#   Check if swap backing store is full
#   Decrease Java heap size (-Xmx/-Xms)
#   Decrease number of Java threads
#   Decrease Java thread stack sizes (-Xss)
#   Set larger code cache with -XX:ReservedCodeCacheSize=
#   JVM is running with Unscaled Compressed Oops mode in which the Java heap is
#     placed in the first 4GB address space. The Java Heap base address is the
#     maximum limit for the native heap growth. Please use -XX:HeapBaseMinAddress
#     to set the Java Heap base and to place the Java Heap above 4GB virtual address.
# This output file may be truncated or incomplete.
#
#  Out of Memory Error (os_windows.cpp:3825), pid=15664, tid=23888
#
# JRE version: OpenJDK Runtime Environment (17.0.10) (build 17.0.10+0--11572160)
# Java VM: OpenJDK 64-Bit Server VM (17.0.10+0--11572160, mixed mode, tiered, compressed oops, compressed class ptrs, g1 gc, windows-amd64)
# No core dump will be written. Minidumps are not enabled by default on client versions of Windows
#

---------------  S U M M A R Y ------------

Command Line: -XX:MaxMetaspaceSize=512m --add-opens=java.base/java.util=ALL-UNNAMED --add-opens=java.base/java.lang=ALL-UNNAMED --add-opens=java.base/java.lang.invoke=ALL-UNNAMED --add-opens=java.prefs/java.util.prefs=ALL-UNNAMED --add-opens=java.base/java.nio.charset=ALL-UNNAMED --add-opens=java.base/java.net=ALL-UNNAMED --add-opens=java.base/java.util.concurrent.atomic=ALL-UNNAMED -Xmx2048m -Dfile.encoding=windows-1252 -Duser.country=US -Duser.language=en -Duser.variant -javaagent:C:\Users\acer\.gradle\wrapper\dists\gradle-8.7-bin\bhs2wmbdwecv87pi65oeuq5iu\gradle-8.7\lib\agents\gradle-instrumentation-agent-8.7.jar org.gradle.launcher.daemon.bootstrap.GradleDaemon 8.7

Host: AMD Ryzen 5 3500U with Radeon Vega Mobile Gfx  , 8 cores, 5G,  Windows 11 , 64 bit Build 26100 (10.0.26100.9168)
Time: Thu Aug 27 18:19:52 2026 Pakistan Standard Time elapsed time: 398.026951 seconds (0d 0h 6m 38s)

---------------  T H R E A D  ---------------

Current thread (0x000001c32f7b5450):  VMThread "VM Thread" [stack: 0x000000844cf00000,0x000000844d000000] [id=23888]

Stack: [0x000000844cf00000,0x000000844d000000]
Native frames: (J=compiled Java code, j=interpreted, Vv=VM code, C=native code)
V  [jvm.dll+0x688e89]
V  [jvm.dll+0x84247a]
V  [jvm.dll+0x8440be]
V  [jvm.dll+0x844723]
V  [jvm.dll+0x24be0f]
V  [jvm.dll+0x685c59]
V  [jvm.dll+0x67a50a]
V  [jvm.dll+0x30cbab]
V  [jvm.dll+0x314056]
V  [jvm.dll+0x363dce]
V  [jvm.dll+0x363fff]
V  [jvm.dll+0x2e2978]
V  [jvm.dll+0x2e0b54]
V  [jvm.dll+0x2e015c]
V  [jvm.dll+0x32502b]
V  [jvm.dll+0x848e1b]
V  [jvm.dll+0x849b61]
V  [jvm.dll+0x84a07d]
V  [jvm.dll+0x84a454]
V  [jvm.dll+0x84a520]
V  [jvm.dll+0x7f0d1a]
V  [jvm.dll+0x687d05]
C  [ucrtbase.dll+0x2cd30]
C  [KERNEL32.DLL+0x2ccb7]
C  [ntdll.dll+0xaad6c]

VM_Operation (0x000000844c8f5710): G1CollectForAllocation, mode: safepoint, requested by thread 0x000001c33a214640


---------------  P R O C E S S  ---------------

Threads class SMR info:
_java_thread_list=0x000001c3369f9bc0, length=139, elements={
0x000001c315e7d9c0, 0x000001c33402b7d0, 0x000001c33402e0b0, 0x000001c334088260,
0x000001c334088b30, 0x000001c33408a1b0, 0x000001c33408b220, 0x000001c334091ad0,
0x000001c334092b80, 0x000001c334093c30, 0x000001c32f75f5d0, 0x000001c334366bf0,
0x000001c33550f2f0, 0x000001c3350ec310, 0x000001c33551cad0, 0x000001c335d614c0,
0x000001c336032060, 0x000001c3360eb1a0, 0x000001c3360eda20, 0x000001c3360eac90,
0x000001c3360eb6b0, 0x000001c3360ed000, 0x000001c3360ea780, 0x000001c3360ebbc0,
0x000001c3360ec0d0, 0x000001c3360ecaf0, 0x000001c3360ed510, 0x000001c3360edf30,
0x000001c3373ff3b0, 0x000001c3373ffdd0, 0x000001c3374002e0, 0x000001c3374007f0,
0x000001c3373ff8c0, 0x000001c337401210, 0x000001c337401720, 0x000001c337401c30,
0x000001c337402650, 0x000001c3373feea0, 0x000001c337405e00, 0x000001c337404ed0,
0x000001c337406310, 0x000001c3374053e0, 0x000001c3374049c0, 0x000001c3374058f0,
0x000001c337402b60, 0x000001c337406820, 0x000001c337403580, 0x000001c337403fa0,
0x000001c337403a90, 0x000001c33446f400, 0x000001c33446f910, 0x000001c33446fe20,
0x000001c334470840, 0x000001c334470d50, 0x000001c33446dab0, 0x000001c334474a10,
0x000001c33a214640, 0x000001c33a215a80, 0x000001c33a214b50, 0x000001c33a215060,
0x000001c33a215570, 0x000001c33a213200, 0x000001c33a215f90, 0x000001c33a212cf0,
0x000001c33a213710, 0x000001c33a2127e0, 0x000001c33a2164a0, 0x000001c33a2169b0,
0x000001c33a214130, 0x000001c33a216ec0, 0x000001c33a2173d0, 0x000001c33a213c20,
0x000001c33a2178e0, 0x000001c33a21a160, 0x000001c33a218810, 0x000001c33a218d20,
0x000001c33a219230, 0x000001c33a219740, 0x000001c33a219c50, 0x000001c338d70a20,
0x000001c338d71440, 0x000001c338d72d90, 0x000001c338d70000, 0x000001c338d732a0,
0x000001c338d70f30, 0x000001c338d71950, 0x000001c338d71e60, 0x000001c338d737b0,
0x000001c338d73cc0, 0x000001c338d70510, 0x000001c338d741d0, 0x000001c338d75610,
0x000001c338d746e0, 0x000001c338d74bf0, 0x000001c338d75100, 0x000001c338d72370,
0x000001c338d76540, 0x000001c338d76030, 0x000001c338d76a50, 0x000001c338d76f60,
0x000001c338d77470, 0x000001c3344730c0, 0x000001c334473ae0, 0x000001c334471260,
0x000001c3360ec5e0, 0x000001c33a218300, 0x000001c3393f0d30, 0x000001c3393eda90,
0x000001c3393f0310, 0x000001c3393f0820, 0x000001c3393ef3e0, 0x000001c3393f1750,
0x000001c3393f1240, 0x000001c3393edfa0, 0x000001c3393efe00, 0x000001c3393f1c60,
0x000001c3393ee4b0, 0x000001c3393f2170, 0x000001c3393ef8f0, 0x000001c3393eeed0,
0x000001c3393f2680, 0x000001c3393f35b0, 0x000001c3393f30a0, 0x000001c3393f3fd0,
0x000001c3393f5410, 0x000001c3393f3ac0, 0x000001c3393f44e0, 0x000001c3393f2b90,
0x000001c3393f49f0, 0x000001c3393f4f00, 0x000001c33a3cf770, 0x000001c33a3d0190,
0x000001c33a3d3430, 0x000001c33a3d2a10, 0x000001c33a3d2f20, 0x000001c33a3d1ff0,
0x000001c33a3d0bb0, 0x000001c33a3d3940, 0x000001c33a3d2500
}
_to_delete_list=0x000001c33a982d70, length=140, elements={
0x000001c315e7d9c0, 0x000001c33402b7d0, 0x000001c33402e0b0, 0x000001c334088260,
0x000001c334088b30, 0x000001c33408a1b0, 0x000001c33408b220, 0x000001c334091ad0,
0x000001c334092b80, 0x000001c334093c30, 0x000001c32f75f5d0, 0x000001c334366bf0,
0x000001c33550f2f0, 0x000001c3350ec310, 0x000001c33551cad0, 0x000001c335d614c0,
0x000001c336032060, 0x000001c3360eb1a0, 0x000001c3360eda20, 0x000001c3360eac90,
0x000001c3360eb6b0, 0x000001c3360ed000, 0x000001c3360ea780, 0x000001c3360ebbc0,
0x000001c3360ec0d0, 0x000001c3360ecaf0, 0x000001c3360ed510, 0x000001c3360edf30,
0x000001c3373ff3b0, 0x000001c3373ffdd0, 0x000001c3374002e0, 0x000001c3374007f0,
0x000001c3373ff8c0, 0x000001c337401210, 0x000001c337401720, 0x000001c337401c30,
0x000001c337402650, 0x000001c3373feea0, 0x000001c337405e00, 0x000001c337404ed0,
0x000001c337406310, 0x000001c3374053e0, 0x000001c3374049c0, 0x000001c3374058f0,
0x000001c337402b60, 0x000001c337406820, 0x000001c337403580, 0x000001c337403fa0,
0x000001c337403a90, 0x000001c33446f400, 0x000001c33446f910, 0x000001c33446fe20,
0x000001c334470840, 0x000001c334470d50, 0x000001c33446dab0, 0x000001c334474a10,
0x000001c33a214640, 0x000001c33a215a80, 0x000001c33a214b50, 0x000001c33a215060,
0x000001c33a215570, 0x000001c33a213200, 0x000001c33a215f90, 0x000001c33a212cf0,
0x000001c33a213710, 0x000001c33a2127e0, 0x000001c33a2164a0, 0x000001c33a2169b0,
0x000001c33a214130, 0x000001c33a216ec0, 0x000001c33a2173d0, 0x000001c33a213c20,
0x000001c33a2178e0, 0x000001c33a21a160, 0x000001c33a218810, 0x000001c33a218d20,
0x000001c33a219230, 0x000001c33a219740, 0x000001c33a219c50, 0x000001c338d70a20,
0x000001c338d71440, 0x000001c338d72d90, 0x000001c338d70000, 0x000001c338d732a0,
0x000001c338d70f30, 0x000001c338d71950, 0x000001c338d71e60, 0x000001c338d737b0,
0x000001c338d73cc0, 0x000001c338d70510, 0x000001c338d741d0, 0x000001c338d75610,
0x000001c338d746e0, 0x000001c338d74bf0, 0x000001c338d75100, 0x000001c338d72370,
0x000001c338d76540, 0x000001c338d76030, 0x000001c338d76a50, 0x000001c338d76f60,
0x000001c338d77470, 0x000001c3344730c0, 0x000001c334473ae0, 0x000001c334471260,
0x000001c3360ec5e0, 0x000001c33a218300, 0x000001c3393f0d30, 0x000001c3393eda90,
0x000001c3393f0310, 0x000001c3393f0820, 0x000001c3393ef3e0, 0x000001c3393f1750,
0x000001c3393f1240, 0x000001c3393edfa0, 0x000001c3393efe00, 0x000001c3393f1c60,
0x000001c3393ee4b0, 0x000001c3393f2170, 0x000001c3393ef8f0, 0x000001c3393eeed0,
0x000001c3393f2680, 0x000001c3393f35b0, 0x000001c3393f30a0, 0x000001c3393f3fd0,
0x000001c3393f5410, 0x000001c3393f3ac0, 0x000001c3393f44e0, 0x000001c3393f2b90,
0x000001c3393f49f0, 0x000001c3393f4f00, 0x000001c33a3cf770, 0x000001c33a3d0190,
0x000001c33a3d3430, 0x000001c33a3d2a10, 0x000001c33a3d3e50, 0x000001c33a3d2f20,
0x000001c33a3d1ff0, 0x000001c33a3d0bb0, 0x000001c33a3d3940, 0x000001c33a3d2500
}

Java Threads: ( => current thread )
  0x000001c315e7d9c0 JavaThread "main" [_thread_blocked, id=22716, stack(0x000000844c900000,0x000000844ca00000)]
  0x000001c33402b7d0 JavaThread "Reference Handler" daemon [_thread_blocked, id=20036, stack(0x000000844d000000,0x000000844d100000)]
  0x000001c33402e0b0 JavaThread "Finalizer" daemon [_thread_blocked, id=23008, stack(0x000000844d100000,0x000000844d200000)]
  0x000001c334088260 JavaThread "Signal Dispatcher" daemon [_thread_blocked, id=21644, stack(0x000000844d200000,0x000000844d300000)]
  0x000001c334088b30 JavaThread "Attach Listener" daemon [_thread_blocked, id=17176, stack(0x000000844d300000,0x000000844d400000)]
  0x000001c33408a1b0 JavaThread "Service Thread" daemon [_thread_blocked, id=12380, stack(0x000000844d400000,0x000000844d500000)]
  0x000001c33408b220 JavaThread "Monitor Deflation Thread" daemon [_thread_blocked, id=23136, stack(0x000000844d500000,0x000000844d600000)]
  0x000001c334091ad0 JavaThread "C2 CompilerThread0" daemon [_thread_blocked, id=13720, stack(0x000000844d600000,0x000000844d700000)]
  0x000001c334092b80 JavaThread "C1 CompilerThread0" daemon [_thread_blocked, id=13324, stack(0x000000844d700000,0x000000844d800000)]
  0x000001c334093c30 JavaThread "Sweeper thread" daemon [_thread_blocked, id=8304, stack(0x000000844d800000,0x000000844d900000)]
  0x000001c32f75f5d0 JavaThread "Common-Cleaner" daemon [_thread_blocked, id=17124, stack(0x000000844d900000,0x000000844da00000)]
  0x000001c334366bf0 JavaThread "Notification Thread" daemon [_thread_blocked, id=20884, stack(0x000000844da00000,0x000000844db00000)]
  0x000001c33550f2f0 JavaThread "Daemon health stats" [_thread_blocked, id=20640, stack(0x000000844e100000,0x000000844e200000)]
  0x000001c3350ec310 JavaThread "Incoming local TCP Connector on port 57108" [_thread_in_native, id=23060, stack(0x000000844e000000,0x000000844e100000)]
  0x000001c33551cad0 JavaThread "Daemon periodic checks" [_thread_blocked, id=19036, stack(0x000000844e200000,0x000000844e300000)]
  0x000001c335d614c0 JavaThread "Daemon" [_thread_blocked, id=21416, stack(0x000000844e300000,0x000000844e400000)]
  0x000001c336032060 JavaThread "Handler for socket connection from /127.0.0.1:57108 to /127.0.0.1:57109" [_thread_in_native, id=21472, stack(0x000000844e400000,0x000000844e500000)]
  0x000001c3360eb1a0 JavaThread "Cancel handler" [_thread_blocked, id=20068, stack(0x000000844e500000,0x000000844e600000)]
  0x000001c3360eda20 JavaThread "Daemon worker" [_thread_blocked, id=6732, stack(0x000000844e600000,0x000000844e700000)]
  0x000001c3360eac90 JavaThread "Asynchronous log dispatcher for DefaultDaemonConnection: socket connection from /127.0.0.1:57108 to /127.0.0.1:57109" [_thread_blocked, id=23596, stack(0x000000844e700000,0x000000844e800000)]
  0x000001c3360eb6b0 JavaThread "Stdin handler" [_thread_blocked, id=21372, stack(0x000000844e800000,0x000000844e900000)]
  0x000001c3360ed000 JavaThread "Daemon client event forwarder" [_thread_blocked, id=16536, stack(0x000000844e900000,0x000000844ea00000)]
  0x000001c3360ea780 JavaThread "Cache worker for journal cache (C:\Users\acer\.gradle\caches\journal-1)" [_thread_blocked, id=14204, stack(0x000000844ee00000,0x000000844ef00000)]
  0x000001c3360ebbc0 JavaThread "File lock request listener" [_thread_in_native, id=22780, stack(0x000000844ef00000,0x000000844f000000)]
  0x000001c3360ec0d0 JavaThread "Cache worker for file hash cache (C:\Users\acer\.gradle\caches\8.7\fileHashes)" [_thread_blocked, id=14924, stack(0x000000844f000000,0x000000844f100000)]
  0x000001c3360ecaf0 JavaThread "Cache worker for file hash cache (E:\AR\BeautyCameraTester\android\.gradle\8.7\fileHashes)" [_thread_blocked, id=23984, stack(0x000000844f300000,0x000000844f400000)]
  0x000001c3360ed510 JavaThread "File watcher server" daemon [_thread_blocked, id=10444, stack(0x000000844f400000,0x000000844f500000)]
  0x000001c3360edf30 JavaThread "File watcher consumer" daemon [_thread_blocked, id=23020, stack(0x000000844f500000,0x000000844f600000)]
  0x000001c3373ff3b0 JavaThread "Cache worker for checksums cache (E:\AR\BeautyCameraTester\android\.gradle\8.7\checksums)" [_thread_blocked, id=18380, stack(0x000000844f100000,0x000000844f200000)]
  0x000001c3373ffdd0 JavaThread "Cache worker for cache directory md-supplier (C:\Users\acer\.gradle\caches\8.7\md-supplier)" [_thread_blocked, id=22132, stack(0x000000844f200000,0x000000844f300000)]
  0x000001c3374002e0 JavaThread "Cache worker for cache directory md-rule (C:\Users\acer\.gradle\caches\8.7\md-rule)" [_thread_blocked, id=21308, stack(0x000000844f600000,0x000000844f700000)]
  0x000001c3374007f0 JavaThread "Cache worker for file content cache (C:\Users\acer\.gradle\caches\8.7\fileContent)" [_thread_blocked, id=18340, stack(0x000000844f700000,0x000000844f800000)]
  0x000001c3373ff8c0 JavaThread "jar transforms" [_thread_blocked, id=20584, stack(0x000000844f900000,0x000000844fa00000)]
  0x000001c337401210 JavaThread "Unconstrained build operations" [_thread_blocked, id=21108, stack(0x000000844fa00000,0x000000844fb00000)]
  0x000001c337401720 JavaThread "Unconstrained build operations Thread 2" [_thread_blocked, id=22548, stack(0x000000844fb00000,0x000000844fc00000)]
  0x000001c337401c30 JavaThread "Unconstrained build operations Thread 3" [_thread_blocked, id=1564, stack(0x000000844fc00000,0x000000844fd00000)]
  0x000001c337402650 JavaThread "Unconstrained build operations Thread 4" [_thread_blocked, id=9476, stack(0x000000844fd00000,0x000000844fe00000)]
  0x000001c3373feea0 JavaThread "Unconstrained build operations Thread 5" [_thread_blocked, id=9608, stack(0x000000844fe00000,0x000000844ff00000)]
  0x000001c337405e00 JavaThread "Unconstrained build operations Thread 6" [_thread_blocked, id=23756, stack(0x000000844ff00000,0x0000008450000000)]
  0x000001c337404ed0 JavaThread "Unconstrained build operations Thread 7" [_thread_blocked, id=10224, stack(0x0000008450000000,0x0000008450100000)]
  0x000001c337406310 JavaThread "Unconstrained build operations Thread 8" [_thread_blocked, id=2656, stack(0x0000008450100000,0x0000008450200000)]
  0x000001c3374053e0 JavaThread "Unconstrained build operations Thread 9" [_thread_blocked, id=23728, stack(0x0000008450200000,0x0000008450300000)]
  0x000001c3374049c0 JavaThread "Unconstrained build operations Thread 10" [_thread_blocked, id=22960, stack(0x0000008450300000,0x0000008450400000)]
  0x000001c3374058f0 JavaThread "Unconstrained build operations Thread 11" [_thread_blocked, id=22076, stack(0x0000008450400000,0x0000008450500000)]
  0x000001c337402b60 JavaThread "Unconstrained build operations Thread 12" [_thread_blocked, id=16880, stack(0x0000008450500000,0x0000008450600000)]
  0x000001c337406820 JavaThread "Unconstrained build operations Thread 13" [_thread_blocked, id=22804, stack(0x0000008450600000,0x0000008450700000)]
  0x000001c337403580 JavaThread "Unconstrained build operations Thread 14" [_thread_blocked, id=23396, stack(0x0000008450700000,0x0000008450800000)]
  0x000001c337403fa0 JavaThread "jar transforms Thread 2" [_thread_blocked, id=20900, stack(0x0000008450800000,0x0000008450900000)]
  0x000001c337403a90 JavaThread "Cache worker for Build Output Cleanup Cache (E:\AR\BeautyCameraTester\android\.gradle\buildOutputCleanup)" [_thread_blocked, id=23408, stack(0x0000008450900000,0x0000008450a00000)]
  0x000001c33446f400 JavaThread "jar transforms Thread 3" [_thread_blocked, id=23748, stack(0x0000008450a00000,0x0000008450b00000)]
  0x000001c33446f910 JavaThread "jar transforms Thread 4" [_thread_blocked, id=15372, stack(0x0000008450b00000,0x0000008450c00000)]
  0x000001c33446fe20 JavaThread "jar transforms Thread 5" [_thread_blocked, id=1844, stack(0x0000008450c00000,0x0000008450d00000)]
  0x000001c334470840 JavaThread "Memory manager" [_thread_blocked, id=18308, stack(0x000000844f800000,0x000000844f900000)]
  0x000001c334470d50 JavaThread "build event listener" [_thread_blocked, id=4704, stack(0x0000008450d00000,0x0000008450e00000)]
  0x000001c33446dab0 JavaThread "jar transforms Thread 6" [_thread_blocked, id=23648, stack(0x0000008450e00000,0x0000008450f00000)]
  0x000001c334474a10 JavaThread "included builds" [_thread_blocked, id=19068, stack(0x000000844c700000,0x000000844c800000)]
  0x000001c33a214640 JavaThread "Execution worker" [_thread_blocked, id=22268, stack(0x000000844c800000,0x000000844c900000)]
  0x000001c33a215a80 JavaThread "Execution worker Thread 2" [_thread_blocked, id=6728, stack(0x0000008450f00000,0x0000008451000000)]
  0x000001c33a214b50 JavaThread "Execution worker Thread 3" [_thread_blocked, id=20744, stack(0x0000008451100000,0x0000008451200000)]
  0x000001c33a215060 JavaThread "Execution worker Thread 4" [_thread_blocked, id=23592, stack(0x0000008451200000,0x0000008451300000)]
  0x000001c33a215570 JavaThread "Execution worker Thread 5" [_thread_blocked, id=11664, stack(0x0000008451300000,0x0000008451400000)]
  0x000001c33a213200 JavaThread "Execution worker Thread 6" [_thread_blocked, id=14176, stack(0x0000008451400000,0x0000008451500000)]
  0x000001c33a215f90 JavaThread "Execution worker Thread 7" [_thread_blocked, id=21440, stack(0x0000008451500000,0x0000008451600000)]
  0x000001c33a212cf0 JavaThread "Cache worker for execution history cache (E:\AR\BeautyCameraTester\android\.gradle\8.7\executionHistory)" [_thread_blocked, id=13860, stack(0x0000008451600000,0x0000008451700000)]
  0x000001c33a213710 JavaThread "Unconstrained build operations Thread 15" [_thread_blocked, id=22216, stack(0x000000844c600000,0x000000844c700000)]
  0x000001c33a2127e0 JavaThread "Unconstrained build operations Thread 16" [_thread_blocked, id=5256, stack(0x0000008451700000,0x0000008451800000)]
  0x000001c33a2164a0 JavaThread "Unconstrained build operations Thread 17" [_thread_blocked, id=21824, stack(0x0000008451800000,0x0000008451900000)]
  0x000001c33a2169b0 JavaThread "Unconstrained build operations Thread 18" [_thread_blocked, id=7276, stack(0x0000008451900000,0x0000008451a00000)]
  0x000001c33a214130 JavaThread "Unconstrained build operations Thread 19" [_thread_blocked, id=15792, stack(0x0000008451a00000,0x0000008451b00000)]
  0x000001c33a216ec0 JavaThread "Unconstrained build operations Thread 20" [_thread_blocked, id=23852, stack(0x0000008451b00000,0x0000008451c00000)]
  0x000001c33a2173d0 JavaThread "Unconstrained build operations Thread 21" [_thread_blocked, id=19556, stack(0x0000008451c00000,0x0000008451d00000)]
  0x000001c33a213c20 JavaThread "Unconstrained build operations Thread 22" [_thread_blocked, id=20456, stack(0x0000008451e00000,0x0000008451f00000)]
  0x000001c33a2178e0 JavaThread "Unconstrained build operations Thread 23" [_thread_blocked, id=20292, stack(0x0000008451f00000,0x0000008452000000)]
  0x000001c33a21a160 JavaThread "Unconstrained build operations Thread 24" [_thread_blocked, id=24292, stack(0x0000008452000000,0x0000008452100000)]
  0x000001c33a218810 JavaThread "Unconstrained build operations Thread 25" [_thread_blocked, id=20936, stack(0x0000008452100000,0x0000008452200000)]
  0x000001c33a218d20 JavaThread "Unconstrained build operations Thread 26" [_thread_blocked, id=20520, stack(0x0000008452200000,0x0000008452300000)]
  0x000001c33a219230 JavaThread "Unconstrained build operations Thread 27" [_thread_blocked, id=22460, stack(0x0000008452300000,0x0000008452400000)]
  0x000001c33a219740 JavaThread "Unconstrained build operations Thread 28" [_thread_blocked, id=22800, stack(0x0000008452400000,0x0000008452500000)]
  0x000001c33a219c50 JavaThread "Unconstrained build operations Thread 29" [_thread_blocked, id=21408, stack(0x0000008452500000,0x0000008452600000)]
  0x000001c338d70a20 JavaThread "Unconstrained build operations Thread 30" [_thread_blocked, id=22776, stack(0x0000008452600000,0x0000008452700000)]
  0x000001c338d71440 JavaThread "Unconstrained build operations Thread 31" [_thread_blocked, id=22664, stack(0x0000008452700000,0x0000008452800000)]
  0x000001c338d72d90 JavaThread "Unconstrained build operations Thread 32" [_thread_blocked, id=22352, stack(0x0000008452800000,0x0000008452900000)]
  0x000001c338d70000 JavaThread "Unconstrained build operations Thread 33" [_thread_blocked, id=11516, stack(0x0000008452900000,0x0000008452a00000)]
  0x000001c338d732a0 JavaThread "Unconstrained build operations Thread 34" [_thread_blocked, id=23316, stack(0x0000008452a00000,0x0000008452b00000)]
  0x000001c338d70f30 JavaThread "Unconstrained build operations Thread 35" [_thread_blocked, id=23812, stack(0x0000008452b00000,0x0000008452c00000)]
  0x000001c338d71950 JavaThread "Unconstrained build operations Thread 36" [_thread_blocked, id=22596, stack(0x0000008452c00000,0x0000008452d00000)]
  0x000001c338d71e60 JavaThread "Unconstrained build operations Thread 37" [_thread_blocked, id=23872, stack(0x0000008452d00000,0x0000008452e00000)]
  0x000001c338d737b0 JavaThread "Unconstrained build operations Thread 38" [_thread_blocked, id=20488, stack(0x0000008452e00000,0x0000008452f00000)]
  0x000001c338d73cc0 JavaThread "Unconstrained build operations Thread 39" [_thread_blocked, id=23660, stack(0x0000008452f00000,0x0000008453000000)]
  0x000001c338d70510 JavaThread "Unconstrained build operations Thread 40" [_thread_blocked, id=21500, stack(0x0000008453000000,0x0000008453100000)]
  0x000001c338d741d0 JavaThread "Unconstrained build operations Thread 41" [_thread_blocked, id=23180, stack(0x0000008453100000,0x0000008453200000)]
  0x000001c338d75610 JavaThread "Unconstrained build operations Thread 42" [_thread_blocked, id=22708, stack(0x0000008453200000,0x0000008453300000)]
  0x000001c338d746e0 JavaThread "Unconstrained build operations Thread 43" [_thread_blocked, id=22896, stack(0x0000008453300000,0x0000008453400000)]
  0x000001c338d74bf0 JavaThread "Unconstrained build operations Thread 44" [_thread_blocked, id=21904, stack(0x0000008453400000,0x0000008453500000)]
  0x000001c338d75100 JavaThread "Unconstrained build operations Thread 45" [_thread_blocked, id=21508, stack(0x0000008453500000,0x0000008453600000)]
  0x000001c338d72370 JavaThread "Unconstrained build operations Thread 46" [_thread_blocked, id=21572, stack(0x0000008451000000,0x0000008451100000)]
  0x000001c338d76540 JavaThread "Unconstrained build operations Thread 47" [_thread_blocked, id=24384, stack(0x0000008453600000,0x0000008453700000)]
  0x000001c338d76030 JavaThread "Unconstrained build operations Thread 48" [_thread_blocked, id=2324, stack(0x0000008453700000,0x0000008453800000)]
  0x000001c338d76a50 JavaThread "Unconstrained build operations Thread 49" [_thread_blocked, id=5132, stack(0x0000008453800000,0x0000008453900000)]
  0x000001c338d76f60 JavaThread "Unconstrained build operations Thread 50" [_thread_blocked, id=18900, stack(0x0000008453900000,0x0000008453a00000)]
  0x000001c338d77470 JavaThread "Unconstrained build operations Thread 51" [_thread_blocked, id=9660, stack(0x0000008453a00000,0x0000008453b00000)]
  0x000001c3344730c0 JavaThread "Unconstrained build operations Thread 52" [_thread_blocked, id=23916, stack(0x0000008453b00000,0x0000008453c00000)]
  0x000001c334473ae0 JavaThread "Unconstrained build operations Thread 53" [_thread_blocked, id=13740, stack(0x0000008453c00000,0x0000008453d00000)]
  0x000001c334471260 JavaThread "Unconstrained build operations Thread 54" [_thread_blocked, id=14608, stack(0x0000008453d00000,0x0000008453e00000)]
  0x000001c3360ec5e0 JavaThread "Unconstrained build operations Thread 55" [_thread_blocked, id=8376, stack(0x0000008454000000,0x0000008454100000)]
  0x000001c33a218300 JavaThread "Unconstrained build operations Thread 56" [_thread_blocked, id=20400, stack(0x0000008454100000,0x0000008454200000)]
  0x000001c3393f0d30 JavaThread "Unconstrained build operations Thread 57" [_thread_blocked, id=18712, stack(0x0000008454200000,0x0000008454300000)]
  0x000001c3393eda90 JavaThread "Unconstrained build operations Thread 58" [_thread_blocked, id=22508, stack(0x0000008454300000,0x0000008454400000)]
  0x000001c3393f0310 JavaThread "Unconstrained build operations Thread 59" [_thread_blocked, id=22116, stack(0x0000008454400000,0x0000008454500000)]
  0x000001c3393f0820 JavaThread "Unconstrained build operations Thread 60" [_thread_blocked, id=20820, stack(0x0000008454500000,0x0000008454600000)]
  0x000001c3393ef3e0 JavaThread "Unconstrained build operations Thread 61" [_thread_blocked, id=20332, stack(0x0000008454600000,0x0000008454700000)]
  0x000001c3393f1750 JavaThread "Unconstrained build operations Thread 62" [_thread_blocked, id=15164, stack(0x0000008454700000,0x0000008454800000)]
  0x000001c3393f1240 JavaThread "Unconstrained build operations Thread 63" [_thread_blocked, id=21612, stack(0x0000008454900000,0x0000008454a00000)]
  0x000001c3393edfa0 JavaThread "Unconstrained build operations Thread 64" [_thread_blocked, id=20848, stack(0x0000008454a00000,0x0000008454b00000)]
  0x000001c3393efe00 JavaThread "Unconstrained build operations Thread 65" [_thread_blocked, id=1736, stack(0x0000008454b00000,0x0000008454c00000)]
  0x000001c3393f1c60 JavaThread "Unconstrained build operations Thread 66" [_thread_blocked, id=23220, stack(0x0000008454c00000,0x0000008454d00000)]
  0x000001c3393ee4b0 JavaThread "Unconstrained build operations Thread 67" [_thread_blocked, id=21868, stack(0x0000008454d00000,0x0000008454e00000)]
  0x000001c3393f2170 JavaThread "Unconstrained build operations Thread 68" [_thread_blocked, id=24528, stack(0x0000008454e00000,0x0000008454f00000)]
  0x000001c3393ef8f0 JavaThread "Unconstrained build operations Thread 69" [_thread_blocked, id=7176, stack(0x0000008454800000,0x0000008454900000)]
  0x000001c3393eeed0 JavaThread "Unconstrained build operations Thread 70" [_thread_blocked, id=6840, stack(0x0000008454f00000,0x0000008455000000)]
  0x000001c3393f2680 JavaThread "Unconstrained build operations Thread 71" [_thread_blocked, id=5116, stack(0x0000008455000000,0x0000008455100000)]
  0x000001c3393f35b0 JavaThread "Unconstrained build operations Thread 72" [_thread_blocked, id=19544, stack(0x0000008455100000,0x0000008455200000)]
  0x000001c3393f30a0 JavaThread "Unconstrained build operations Thread 73" [_thread_blocked, id=20892, stack(0x0000008455200000,0x0000008455300000)]
  0x000001c3393f3fd0 JavaThread "Unconstrained build operations Thread 74" [_thread_blocked, id=18908, stack(0x0000008455300000,0x0000008455400000)]
  0x000001c3393f5410 JavaThread "Unconstrained build operations Thread 75" [_thread_blocked, id=21268, stack(0x0000008455400000,0x0000008455500000)]
  0x000001c3393f3ac0 JavaThread "Unconstrained build operations Thread 76" [_thread_blocked, id=24392, stack(0x0000008455500000,0x0000008455600000)]
  0x000001c3393f44e0 JavaThread "Unconstrained build operations Thread 77" [_thread_blocked, id=22996, stack(0x0000008455600000,0x0000008455700000)]
  0x000001c3393f2b90 JavaThread "Unconstrained build operations Thread 78" [_thread_blocked, id=19120, stack(0x0000008455700000,0x0000008455800000)]
  0x000001c3393f49f0 JavaThread "Unconstrained build operations Thread 79" [_thread_blocked, id=20168, stack(0x0000008455800000,0x0000008455900000)]
  0x000001c3393f4f00 JavaThread "Unconstrained build operations Thread 80" [_thread_blocked, id=23300, stack(0x0000008455900000,0x0000008455a00000)]
  0x000001c33a3cf770 JavaThread "File lock release action executor" [_thread_blocked, id=22728, stack(0x0000008455a00000,0x0000008455b00000)]
  0x000001c33a3d0190 JavaThread "WorkerExecutor Queue" [_thread_blocked, id=13164, stack(0x0000008455b00000,0x0000008455c00000)]
  0x000001c33a3d3430 JavaThread "WorkerExecutor Queue Thread 2" [_thread_blocked, id=5348, stack(0x0000008455e00000,0x0000008455f00000)]
  0x000001c33a3d2a10 JavaThread "WorkerExecutor Queue Thread 3" [_thread_blocked, id=21788, stack(0x0000008455f00000,0x0000008456000000)]
  0x000001c33a3d2f20 JavaThread "WorkerExecutor Queue Thread 5" [_thread_blocked, id=12260, stack(0x0000008456100000,0x0000008456200000)]
  0x000001c33a3d1ff0 JavaThread "WorkerExecutor Queue Thread 6" [_thread_blocked, id=15232, stack(0x0000008456200000,0x0000008456300000)]
  0x000001c33a3d0bb0 JavaThread "WorkerExecutor Queue Thread 7" [_thread_blocked, id=20808, stack(0x0000008456300000,0x0000008456400000)]
  0x000001c33a3d3940 JavaThread "WorkerExecutor Queue Thread 8" [_thread_blocked, id=6012, stack(0x0000008456400000,0x0000008456500000)]
  0x000001c33a3d2500 JavaThread "WorkerExecutor Queue Thread 9" [_thread_blocked, id=19772, stack(0x0000008456600000,0x0000008456700000)]

Other Threads:
=>0x000001c32f7b5450 VMThread "VM Thread" [stack: 0x000000844cf00000,0x000000844d000000] [id=23888]
  0x000001c3343a5df0 WatcherThread [stack: 0x000000844db00000,0x000000844dc00000] [id=23588]
  0x000001c315edc920 GCTaskThread "GC Thread#0" [stack: 0x000000844ca00000,0x000000844cb00000] [id=23116]
  0x000001c334e33010 GCTaskThread "GC Thread#1" [stack: 0x000000844dc00000,0x000000844dd00000] [id=23312]
  0x000001c334b99730 GCTaskThread "GC Thread#2" [stack: 0x000000844dd00000,0x000000844de00000] [id=6236]
  0x000001c334d2cc40 GCTaskThread "GC Thread#3" [stack: 0x000000844de00000,0x000000844df00000] [id=16740]
  0x000001c334f10870 GCTaskThread "GC Thread#4" [stack: 0x000000844df00000,0x000000844e000000] [id=15520]
  0x000001c336725850 GCTaskThread "GC Thread#5" [stack: 0x000000844ea00000,0x000000844eb00000] [id=12344]
  0x000001c33641a9d0 GCTaskThread "GC Thread#6" [stack: 0x000000844eb00000,0x000000844ec00000] [id=18516]
  0x000001c335ab1c60 GCTaskThread "GC Thread#7" [stack: 0x000000844ec00000,0x000000844ed00000] [id=18332]
  0x000001c315eed780 ConcurrentGCThread "G1 Main Marker" [stack: 0x000000844cb00000,0x000000844cc00000] [id=23496]
  0x000001c315eeed80 ConcurrentGCThread "G1 Conc#0" [stack: 0x000000844cc00000,0x000000844cd00000] [id=23624]
  0x000001c3360b3390 ConcurrentGCThread "G1 Conc#1" [stack: 0x000000844ed00000,0x000000844ee00000] [id=11080]
  0x000001c32f623f70 ConcurrentGCThread "G1 Refine#0" [stack: 0x000000844cd00000,0x000000844ce00000] [id=16716]
  0x000001c33a45af00 ConcurrentGCThread "G1 Refine#1" [stack: 0x0000008455c00000,0x0000008455d00000] [id=20424]
  0x000001c33a4591a0 ConcurrentGCThread "G1 Refine#2" [stack: 0x0000008455d00000,0x0000008455e00000] [id=15992]
  0x000001c32f624650 ConcurrentGCThread "G1 Service" [stack: 0x000000844ce00000,0x000000844cf00000] [id=10412]

Threads with active compile tasks:
C2 CompilerThread0   398275 27087 %     4       com.android.tools.r8.ir.regalloc.b::a @ 676 (1862 bytes)
C1 CompilerThread0   398275 27346       3       com.android.tools.r8.internal.ln0::a (549 bytes)

VM state: at safepoint (normal execution)

VM Mutex/Monitor currently owned by a thread:  ([mutex/lock_event])
[0x000001c315e794b0] Threads_lock - owner thread: 0x000001c32f7b5450
[0x000001c315e79780] Heap_lock - owner thread: 0x000001c33a214640

Heap address: 0x0000000080000000, size: 2048 MB, Compressed Oops mode: 32-bit

CDS archive(s) not mapped
Compressed class space mapped at: 0x0000000100000000-0x000000011a000000, reserved size: 436207616
Narrow klass base: 0x0000000000000000, Narrow klass shift: 3, Narrow klass range: 0x11a000000

GC Precious Log:
 CPUs: 8 total, 8 available
 Memory: 6081M
 Large Page Support: Disabled
 NUMA Support: Disabled
 Compressed Oops: Enabled (32-bit)
 Heap Region Size: 1M
 Heap Min Capacity: 8M
 Heap Initial Capacity: 96M
 Heap Max Capacity: 2G
 Pre-touch: Disabled
 Parallel Workers: 8
 Concurrent Workers: 2
 Concurrent Refinement Workers: 8
 Periodic GC: Disabled

Heap:
 garbage-first heap   total 373760K, used 255550K [0x0000000080000000, 0x0000000100000000)
  region size 1024K, 11 young (11264K), 11 survivors (11264K)
 Metaspace       used 147005K, committed 147904K, reserved 557056K
  class space    used 19916K, committed 20352K, reserved 425984K

Heap Regions: E=young(eden), S=young(survivor), O=old, HS=humongous(starts), HC=humongous(continues), CS=collection set, F=free, OA=open archive, CA=closed archive, TAMS=top-at-mark-start (previous, next)
|   0|0x0000000080000000, 0x0000000080100000, 0x0000000080100000|100%|HS|  |TAMS 0x0000000080100000, 0x0000000080000000| Complete 
|   1|0x0000000080100000, 0x0000000080200000, 0x0000000080200000|100%|HC|  |TAMS 0x0000000080200000, 0x0000000080100000| Complete 
|   2|0x0000000080200000, 0x0000000080300000, 0x0000000080300000|100%|HC|  |TAMS 0x0000000080300000, 0x0000000080200000| Complete 
|   3|0x0000000080300000, 0x0000000080400000, 0x0000000080400000|100%|HC|  |TAMS 0x0000000080400000, 0x0000000080300000| Complete 
|   4|0x0000000080400000, 0x0000000080500000, 0x0000000080500000|100%| O|  |TAMS 0x0000000080500000, 0x0000000080400000| Untracked 
|   5|0x0000000080500000, 0x0000000080600000, 0x0000000080600000|100%| O|  |TAMS 0x0000000080600000, 0x0000000080500000| Untracked 
|   6|0x0000000080600000, 0x0000000080700000, 0x0000000080700000|100%| O|  |TAMS 0x0000000080700000, 0x0000000080600000| Untracked 
|   7|0x0000000080700000, 0x0000000080800000, 0x0000000080800000|100%| O|  |TAMS 0x0000000080800000, 0x0000000080700000| Untracked 
|   8|0x0000000080800000, 0x0000000080900000, 0x0000000080900000|100%| O|  |TAMS 0x0000000080900000, 0x0000000080800000| Untracked 
|   9|0x0000000080900000, 0x0000000080a00000, 0x0000000080a00000|100%| O|  |TAMS 0x0000000080a00000, 0x0000000080900000| Untracked 
|  10|0x0000000080a00000, 0x0000000080b00000, 0x0000000080b00000|100%| O|  |TAMS 0x0000000080b00000, 0x0000000080a00000| Untracked 
|  11|0x0000000080b00000, 0x0000000080c00000, 0x0000000080c00000|100%| O|  |TAMS 0x0000000080c00000, 0x0000000080b00000| Untracked 
|  12|0x0000000080c00000, 0x0000000080d00000, 0x0000000080d00000|100%| O|  |TAMS 0x0000000080d00000, 0x0000000080c00000| Untracked 
|  13|0x0000000080d00000, 0x0000000080e00000, 0x0000000080e00000|100%| O|  |TAMS 0x0000000080e00000, 0x0000000080d00000| Untracked 
|  14|0x0000000080e00000, 0x0000000080f00000, 0x0000000080f00000|100%| O|  |TAMS 0x0000000080f00000, 0x0000000080e00000| Untracked 
|  15|0x0000000080f00000, 0x0000000081000000, 0x0000000081000000|100%|HS|  |TAMS 0x0000000081000000, 0x0000000080f00000| Complete 
|  16|0x0000000081000000, 0x0000000081100000, 0x0000000081100000|100%| O|  |TAMS 0x0000000081100000, 0x0000000081000000| Untracked 
|  17|0x0000000081100000, 0x0000000081200000, 0x0000000081200000|100%| O|  |TAMS 0x0000000081200000, 0x0000000081100000| Untracked 
|  18|0x0000000081200000, 0x0000000081300000, 0x0000000081300000|100%| O|  |TAMS 0x0000000081300000, 0x0000000081200000| Untracked 
|  19|0x0000000081300000, 0x0000000081400000, 0x0000000081400000|100%| O|  |TAMS 0x0000000081400000, 0x0000000081300000| Untracked 
|  20|0x0000000081400000, 0x0000000081500000, 0x0000000081500000|100%| O|  |TAMS 0x0000000081500000, 0x0000000081400000| Untracked 
|  21|0x0000000081500000, 0x0000000081600000, 0x0000000081600000|100%| O|  |TAMS 0x0000000081600000, 0x0000000081500000| Untracked 
|  22|0x0000000081600000, 0x0000000081700000, 0x0000000081700000|100%| O|  |TAMS 0x0000000081700000, 0x0000000081600000| Untracked 
|  23|0x0000000081700000, 0x0000000081800000, 0x0000000081800000|100%| O|  |TAMS 0x0000000081800000, 0x0000000081700000| Untracked 
|  24|0x0000000081800000, 0x0000000081900000, 0x0000000081900000|100%| O|  |TAMS 0x0000000081900000, 0x0000000081800000| Untracked 
|  25|0x0000000081900000, 0x0000000081a00000, 0x0000000081a00000|100%| O|  |TAMS 0x0000000081a00000, 0x0000000081900000| Untracked 
|  26|0x0000000081a00000, 0x0000000081b00000, 0x0000000081b00000|100%| O|  |TAMS 0x0000000081b00000, 0x0000000081a00000| Untracked 
|  27|0x0000000081b00000, 0x0000000081c00000, 0x0000000081c00000|100%| O|  |TAMS 0x0000000081c00000, 0x0000000081b00000| Untracked 
|  28|0x0000000081c00000, 0x0000000081d00000, 0x0000000081d00000|100%| O|  |TAMS 0x0000000081d00000, 0x0000000081c00000| Untracked 
|  29|0x0000000081d00000, 0x0000000081e00000, 0x0000000081e00000|100%|HS|  |TAMS 0x0000000081e00000, 0x0000000081d00000| Complete 
|  30|0x0000000081e00000, 0x0000000081f00000, 0x0000000081f00000|100%|HC|  |TAMS 0x0000000081f00000, 0x0000000081e00000| Complete 
|  31|0x0000000081f00000, 0x0000000082000000, 0x0000000082000000|100%|HS|  |TAMS 0x0000000082000000, 0x0000000081f00000| Complete 
|  32|0x0000000082000000, 0x0000000082100000, 0x0000000082100000|100%|HS|  |TAMS 0x0000000082100000, 0x0000000082000000| Complete 
|  33|0x0000000082100000, 0x0000000082200000, 0x0000000082200000|100%|HS|  |TAMS 0x0000000082200000, 0x0000000082100000| Complete 
|  34|0x0000000082200000, 0x0000000082300000, 0x0000000082300000|100%|HC|  |TAMS 0x0000000082300000, 0x0000000082200000| Complete 
|  35|0x0000000082300000, 0x0000000082400000, 0x0000000082400000|100%|HC|  |TAMS 0x0000000082400000, 0x0000000082300000| Complete 
|  36|0x0000000082400000, 0x0000000082500000, 0x0000000082500000|100%|HS|  |TAMS 0x0000000082500000, 0x0000000082400000| Complete 
|  37|0x0000000082500000, 0x0000000082600000, 0x0000000082600000|100%| O|  |TAMS 0x0000000082600000, 0x0000000082500000| Untracked 
|  38|0x0000000082600000, 0x0000000082700000, 0x0000000082700000|100%| O|  |TAMS 0x0000000082700000, 0x0000000082600000| Untracked 
|  39|0x0000000082700000, 0x0000000082800000, 0x0000000082800000|100%| O|  |TAMS 0x0000000082800000, 0x0000000082700000| Untracked 
|  40|0x0000000082800000, 0x0000000082900000, 0x0000000082900000|100%|HS|  |TAMS 0x0000000082900000, 0x0000000082800000| Complete 
|  41|0x0000000082900000, 0x0000000082a00000, 0x0000000082a00000|100%|HC|  |TAMS 0x0000000082a00000, 0x0000000082900000| Complete 
|  42|0x0000000082a00000, 0x0000000082b00000, 0x0000000082b00000|100%|HS|  |TAMS 0x0000000082b00000, 0x0000000082a00000| Complete 
|  43|0x0000000082b00000, 0x0000000082c00000, 0x0000000082c00000|100%|HS|  |TAMS 0x0000000082c00000, 0x0000000082b00000| Complete 
|  44|0x0000000082c00000, 0x0000000082d00000, 0x0000000082d00000|100%| O|  |TAMS 0x0000000082d00000, 0x0000000082c00000| Untracked 
|  45|0x0000000082d00000, 0x0000000082e00000, 0x0000000082e00000|100%| O|  |TAMS 0x0000000082e00000, 0x0000000082d00000| Untracked 
|  46|0x0000000082e00000, 0x0000000082f00000, 0x0000000082f00000|100%| O|  |TAMS 0x0000000082f00000, 0x0000000082e00000| Untracked 
|  47|0x0000000082f00000, 0x0000000083000000, 0x0000000083000000|100%| O|  |TAMS 0x0000000083000000, 0x0000000082f00000| Untracked 
|  48|0x0000000083000000, 0x0000000083100000, 0x0000000083100000|100%| O|  |TAMS 0x0000000083100000, 0x0000000083000000| Untracked 
|  49|0x0000000083100000, 0x0000000083200000, 0x0000000083200000|100%| O|  |TAMS 0x0000000083200000, 0x0000000083100000| Untracked 
|  50|0x0000000083200000, 0x0000000083300000, 0x0000000083300000|100%| O|  |TAMS 0x0000000083300000, 0x0000000083200000| Untracked 
|  51|0x0000000083300000, 0x0000000083400000, 0x0000000083400000|100%| O|  |TAMS 0x0000000083400000, 0x0000000083300000| Untracked 
|  52|0x0000000083400000, 0x0000000083500000, 0x0000000083500000|100%| O|  |TAMS 0x0000000083500000, 0x0000000083400000| Untracked 
|  53|0x0000000083500000, 0x0000000083600000, 0x0000000083600000|100%| O|  |TAMS 0x0000000083600000, 0x0000000083500000| Untracked 
|  54|0x0000000083600000, 0x0000000083700000, 0x0000000083700000|100%| O|  |TAMS 0x0000000083700000, 0x0000000083600000| Untracked 
|  55|0x0000000083700000, 0x0000000083800000, 0x0000000083800000|100%| O|  |TAMS 0x0000000083800000, 0x0000000083700000| Untracked 
|  56|0x0000000083800000, 0x0000000083900000, 0x0000000083900000|100%| O|  |TAMS 0x0000000083900000, 0x0000000083800000| Untracked 
|  57|0x0000000083900000, 0x0000000083a00000, 0x0000000083a00000|100%| O|  |TAMS 0x0000000083a00000, 0x0000000083900000| Untracked 
|  58|0x0000000083a00000, 0x0000000083b00000, 0x0000000083b00000|100%| O|  |TAMS 0x0000000083b00000, 0x0000000083a00000| Untracked 
|  59|0x0000000083b00000, 0x0000000083c00000, 0x0000000083c00000|100%| O|  |TAMS 0x0000000083c00000, 0x0000000083b00000| Untracked 
|  60|0x0000000083c00000, 0x0000000083d00000, 0x0000000083d00000|100%| O|  |TAMS 0x0000000083d00000, 0x0000000083c00000| Untracked 
|  61|0x0000000083d00000, 0x0000000083e00000, 0x0000000083e00000|100%|HS|  |TAMS 0x0000000083e00000, 0x0000000083d00000| Complete 
|  62|0x0000000083e00000, 0x0000000083f00000, 0x0000000083f00000|100%| O|  |TAMS 0x0000000083f00000, 0x0000000083e00000| Untracked 
|  63|0x0000000083f00000, 0x0000000084000000, 0x0000000084000000|100%| O|  |TAMS 0x0000000084000000, 0x0000000083f00000| Untracked 
|  64|0x0000000084000000, 0x0000000084100000, 0x0000000084100000|100%| O|  |TAMS 0x0000000084100000, 0x0000000084000000| Untracked 
|  65|0x0000000084100000, 0x0000000084200000, 0x0000000084200000|100%| O|  |TAMS 0x0000000084200000, 0x0000000084100000| Untracked 
|  66|0x0000000084200000, 0x0000000084300000, 0x0000000084300000|100%| O|  |TAMS 0x0000000084300000, 0x0000000084200000| Untracked 
|  67|0x0000000084300000, 0x0000000084400000, 0x0000000084400000|100%|HS|  |TAMS 0x0000000084400000, 0x0000000084300000| Complete 
|  68|0x0000000084400000, 0x0000000084500000, 0x0000000084500000|100%|HC|  |TAMS 0x0000000084500000, 0x0000000084400000| Complete 
|  69|0x0000000084500000, 0x0000000084600000, 0x0000000084600000|100%|HC|  |TAMS 0x0000000084600000, 0x0000000084500000| Complete 
|  70|0x0000000084600000, 0x0000000084700000, 0x0000000084700000|100%| O|  |TAMS 0x0000000084700000, 0x0000000084600000| Untracked 
|  71|0x0000000084700000, 0x0000000084800000, 0x0000000084800000|100%| O|  |TAMS 0x0000000084800000, 0x0000000084700000| Untracked 
|  72|0x0000000084800000, 0x0000000084900000, 0x0000000084900000|100%| O|  |TAMS 0x0000000084900000, 0x0000000084800000| Untracked 
|  73|0x0000000084900000, 0x0000000084a00000, 0x0000000084a00000|100%| O|  |TAMS 0x0000000084a00000, 0x0000000084900000| Untracked 
|  74|0x0000000084a00000, 0x0000000084b00000, 0x0000000084b00000|100%| O|  |TAMS 0x0000000084b00000, 0x0000000084a00000| Untracked 
|  75|0x0000000084b00000, 0x0000000084c00000, 0x0000000084c00000|100%| O|  |TAMS 0x0000000084c00000, 0x0000000084b00000| Untracked 
|  76|0x0000000084c00000, 0x0000000084d00000, 0x0000000084d00000|100%| O|  |TAMS 0x0000000084d00000, 0x0000000084c00000| Untracked 
|  77|0x0000000084d00000, 0x0000000084e00000, 0x0000000084e00000|100%| O|  |TAMS 0x0000000084e00000, 0x0000000084d00000| Untracked 
|  78|0x0000000084e00000, 0x0000000084f00000, 0x0000000084f00000|100%| O|  |TAMS 0x0000000084f00000, 0x0000000084e00000| Untracked 
|  79|0x0000000084f00000, 0x0000000085000000, 0x0000000085000000|100%| O|  |TAMS 0x0000000085000000, 0x0000000084f00000| Untracked 
|  80|0x0000000085000000, 0x0000000085100000, 0x0000000085100000|100%| O|  |TAMS 0x0000000085100000, 0x0000000085000000| Untracked 
|  81|0x0000000085100000, 0x0000000085200000, 0x0000000085200000|100%| O|  |TAMS 0x0000000085200000, 0x0000000085100000| Untracked 
|  82|0x0000000085200000, 0x0000000085300000, 0x0000000085300000|100%| O|  |TAMS 0x0000000085300000, 0x0000000085200000| Untracked 
|  83|0x0000000085300000, 0x0000000085400000, 0x0000000085400000|100%| O|  |TAMS 0x0000000085400000, 0x0000000085300000| Untracked 
|  84|0x0000000085400000, 0x0000000085500000, 0x0000000085500000|100%| O|  |TAMS 0x0000000085500000, 0x0000000085400000| Untracked 
|  85|0x0000000085500000, 0x0000000085600000, 0x0000000085600000|100%| O|  |TAMS 0x0000000085600000, 0x0000000085500000| Untracked 
|  86|0x0000000085600000, 0x0000000085700000, 0x0000000085700000|100%| O|  |TAMS 0x0000000085700000, 0x0000000085600000| Untracked 
|  87|0x0000000085700000, 0x0000000085800000, 0x0000000085800000|100%| O|  |TAMS 0x0000000085800000, 0x0000000085700000| Untracked 
|  88|0x0000000085800000, 0x0000000085900000, 0x0000000085900000|100%| O|  |TAMS 0x0000000085900000, 0x0000000085800000| Untracked 
|  89|0x0000000085900000, 0x0000000085a00000, 0x0000000085a00000|100%| O|  |TAMS 0x0000000085a00000, 0x0000000085900000| Untracked 
|  90|0x0000000085a00000, 0x0000000085b00000, 0x0000000085b00000|100%| O|  |TAMS 0x0000000085b00000, 0x0000000085a00000| Untracked 
|  91|0x0000000085b00000, 0x0000000085c00000, 0x0000000085c00000|100%| O|  |TAMS 0x0000000085c00000, 0x0000000085b00000| Untracked 
|  92|0x0000000085c00000, 0x0000000085d00000, 0x0000000085d00000|100%| O|  |TAMS 0x0000000085c00000, 0x0000000085c00000| Untracked 
|  93|0x0000000085d00000, 0x0000000085e00000, 0x0000000085e00000|100%| O|  |TAMS 0x0000000085e00000, 0x0000000085d00000| Untracked 
|  94|0x0000000085e00000, 0x0000000085f00000, 0x0000000085f00000|100%| O|  |TAMS 0x0000000085f00000, 0x0000000085e00000| Untracked 
|  95|0x0000000085f00000, 0x0000000086000000, 0x0000000086000000|100%| O|  |TAMS 0x0000000085f00000, 0x0000000085f00000| Untracked 
|  96|0x0000000086000000, 0x0000000086100000, 0x0000000086100000|100%| O|  |TAMS 0x0000000086100000, 0x0000000086000000| Untracked 
|  97|0x0000000086100000, 0x0000000086200000, 0x0000000086200000|100%| O|  |TAMS 0x0000000086200000, 0x0000000086100000| Untracked 
|  98|0x0000000086200000, 0x0000000086300000, 0x0000000086300000|100%| O|  |TAMS 0x0000000086300000, 0x0000000086200000| Untracked 
|  99|0x0000000086300000, 0x0000000086400000, 0x0000000086400000|100%| O|  |TAMS 0x0000000086400000, 0x0000000086300000| Untracked 
| 100|0x0000000086400000, 0x0000000086500000, 0x0000000086500000|100%| O|  |TAMS 0x0000000086500000, 0x0000000086400000| Untracked 
| 101|0x0000000086500000, 0x0000000086600000, 0x0000000086600000|100%| O|  |TAMS 0x0000000086600000, 0x0000000086500000| Untracked 
| 102|0x0000000086600000, 0x0000000086700000, 0x0000000086700000|100%| O|  |TAMS 0x0000000086700000, 0x0000000086600000| Untracked 
| 103|0x0000000086700000, 0x0000000086800000, 0x0000000086800000|100%| O|  |TAMS 0x0000000086800000, 0x0000000086700000| Untracked 
| 104|0x0000000086800000, 0x0000000086900000, 0x0000000086900000|100%| O|  |TAMS 0x0000000086900000, 0x0000000086800000| Untracked 
| 105|0x0000000086900000, 0x0000000086a00000, 0x0000000086a00000|100%| O|  |TAMS 0x0000000086913200, 0x0000000086900000| Untracked 
| 106|0x0000000086a00000, 0x0000000086b00000, 0x0000000086b00000|100%| O|  |TAMS 0x0000000086a00000, 0x0000000086a00000| Untracked 
| 107|0x0000000086b00000, 0x0000000086c00000, 0x0000000086c00000|100%| O|  |TAMS 0x0000000086b00000, 0x0000000086b00000| Untracked 
| 108|0x0000000086c00000, 0x0000000086d00000, 0x0000000086d00000|100%| O|  |TAMS 0x0000000086c00000, 0x0000000086c00000| Untracked 
| 109|0x0000000086d00000, 0x0000000086e00000, 0x0000000086e00000|100%| O|  |TAMS 0x0000000086d00000, 0x0000000086d00000| Untracked 
| 110|0x0000000086e00000, 0x0000000086f00000, 0x0000000086f00000|100%| O|  |TAMS 0x0000000086e00000, 0x0000000086e00000| Untracked 
| 111|0x0000000086f00000, 0x0000000087000000, 0x0000000087000000|100%| O|  |TAMS 0x0000000086f00000, 0x0000000086f00000| Untracked 
| 112|0x0000000087000000, 0x0000000087100000, 0x0000000087100000|100%| O|  |TAMS 0x0000000087000000, 0x0000000087000000| Untracked 
| 113|0x0000000087100000, 0x0000000087200000, 0x0000000087200000|100%| O|  |TAMS 0x0000000087100000, 0x0000000087100000| Untracked 
| 114|0x0000000087200000, 0x0000000087300000, 0x0000000087300000|100%| O|  |TAMS 0x0000000087200000, 0x0000000087200000| Untracked 
| 115|0x0000000087300000, 0x0000000087400000, 0x0000000087400000|100%| O|  |TAMS 0x0000000087300000, 0x0000000087300000| Untracked 
| 116|0x0000000087400000, 0x00000000874ffff8, 0x0000000087500000| 99%| O|  |TAMS 0x0000000087400000, 0x0000000087400000| Untracked 
| 117|0x0000000087500000, 0x0000000087600000, 0x0000000087600000|100%| O|  |TAMS 0x0000000087500000, 0x0000000087500000| Untracked 
| 118|0x0000000087600000, 0x0000000087700000, 0x0000000087700000|100%| O|  |TAMS 0x0000000087600000, 0x0000000087600000| Untracked 
| 119|0x0000000087700000, 0x0000000087800000, 0x0000000087800000|100%| O|  |TAMS 0x0000000087700000, 0x0000000087700000| Untracked 
| 120|0x0000000087800000, 0x0000000087900000, 0x0000000087900000|100%| O|  |TAMS 0x0000000087800000, 0x0000000087800000| Untracked 
| 121|0x0000000087900000, 0x0000000087a00000, 0x0000000087a00000|100%| O|  |TAMS 0x0000000087900000, 0x0000000087900000| Untracked 
| 122|0x0000000087a00000, 0x0000000087b00000, 0x0000000087b00000|100%| O|  |TAMS 0x0000000087a00000, 0x0000000087a00000| Untracked 
| 123|0x0000000087b00000, 0x0000000087c00000, 0x0000000087c00000|100%| O|  |TAMS 0x0000000087b00000, 0x0000000087b00000| Untracked 
| 124|0x0000000087c00000, 0x0000000087d00000, 0x0000000087d00000|100%| O|  |TAMS 0x0000000087c00000, 0x0000000087c00000| Untracked 
| 125|0x0000000087d00000, 0x0000000087e00000, 0x0000000087e00000|100%| O|  |TAMS 0x0000000087d00000, 0x0000000087d00000| Untracked 
| 126|0x0000000087e00000, 0x0000000087f00000, 0x0000000087f00000|100%| O|  |TAMS 0x0000000087e00000, 0x0000000087e00000| Untracked 
| 127|0x0000000087f00000, 0x0000000088000000, 0x0000000088000000|100%| O|  |TAMS 0x0000000087f00000, 0x0000000087f00000| Untracked 
| 128|0x0000000088000000, 0x0000000088100000, 0x0000000088100000|100%| O|  |TAMS 0x0000000088000000, 0x0000000088000000| Untracked 
| 129|0x0000000088100000, 0x0000000088200000, 0x0000000088200000|100%| O|  |TAMS 0x0000000088100000, 0x0000000088100000| Untracked 
| 130|0x0000000088200000, 0x0000000088300000, 0x0000000088300000|100%| O|  |TAMS 0x0000000088200000, 0x0000000088200000| Untracked 
| 131|0x0000000088300000, 0x0000000088400000, 0x0000000088400000|100%| O|  |TAMS 0x0000000088300000, 0x0000000088300000| Untracked 
| 132|0x0000000088400000, 0x0000000088500000, 0x0000000088500000|100%| O|  |TAMS 0x0000000088400000, 0x0000000088400000| Untracked 
| 133|0x0000000088500000, 0x0000000088600000, 0x0000000088600000|100%| O|  |TAMS 0x0000000088500000, 0x0000000088500000| Untracked 
| 134|0x0000000088600000, 0x0000000088700000, 0x0000000088700000|100%| O|  |TAMS 0x0000000088600000, 0x0000000088600000| Untracked 
| 135|0x0000000088700000, 0x0000000088800000, 0x0000000088800000|100%| O|  |TAMS 0x0000000088700000, 0x0000000088700000| Untracked 
| 136|0x0000000088800000, 0x0000000088900000, 0x0000000088900000|100%| O|  |TAMS 0x0000000088800000, 0x0000000088800000| Untracked 
| 137|0x0000000088900000, 0x0000000088a00000, 0x0000000088a00000|100%| O|  |TAMS 0x0000000088900000, 0x0000000088900000| Untracked 
| 138|0x0000000088a00000, 0x0000000088b00000, 0x0000000088b00000|100%| O|  |TAMS 0x0000000088a00000, 0x0000000088a00000| Untracked 
| 139|0x0000000088b00000, 0x0000000088c00000, 0x0000000088c00000|100%| O|  |TAMS 0x0000000088b00000, 0x0000000088b00000| Untracked 
| 140|0x0000000088c00000, 0x0000000088d00000, 0x0000000088d00000|100%| O|  |TAMS 0x0000000088c00000, 0x0000000088c00000| Untracked 
| 141|0x0000000088d00000, 0x0000000088e00000, 0x0000000088e00000|100%| O|  |TAMS 0x0000000088d00000, 0x0000000088d00000| Untracked 
| 142|0x0000000088e00000, 0x0000000088f00000, 0x0000000088f00000|100%| O|  |TAMS 0x0000000088e00000, 0x0000000088e00000| Untracked 
| 143|0x0000000088f00000, 0x0000000089000000, 0x0000000089000000|100%| O|  |TAMS 0x0000000088f00000, 0x0000000088f00000| Untracked 
| 144|0x0000000089000000, 0x0000000089100000, 0x0000000089100000|100%| O|  |TAMS 0x0000000089000000, 0x0000000089000000| Untracked 
| 145|0x0000000089100000, 0x0000000089200000, 0x0000000089200000|100%| O|  |TAMS 0x0000000089100000, 0x0000000089100000| Untracked 
| 146|0x0000000089200000, 0x0000000089300000, 0x0000000089300000|100%| O|  |TAMS 0x0000000089200000, 0x0000000089200000| Untracked 
| 147|0x0000000089300000, 0x0000000089400000, 0x0000000089400000|100%| O|  |TAMS 0x0000000089300000, 0x0000000089300000| Untracked 
| 148|0x0000000089400000, 0x0000000089500000, 0x0000000089500000|100%| O|  |TAMS 0x0000000089400000, 0x0000000089400000| Untracked 
| 149|0x0000000089500000, 0x0000000089600000, 0x0000000089600000|100%| O|  |TAMS 0x0000000089500000, 0x0000000089500000| Untracked 
| 150|0x0000000089600000, 0x0000000089700000, 0x0000000089700000|100%| O|  |TAMS 0x0000000089600000, 0x0000000089600000| Untracked 
| 151|0x0000000089700000, 0x0000000089800000, 0x0000000089800000|100%| O|  |TAMS 0x0000000089700000, 0x0000000089700000| Untracked 
| 152|0x0000000089800000, 0x0000000089900000, 0x0000000089900000|100%| O|  |TAMS 0x0000000089800000, 0x0000000089800000| Untracked 
| 153|0x0000000089900000, 0x0000000089a00000, 0x0000000089a00000|100%| O|  |TAMS 0x0000000089900000, 0x0000000089900000| Untracked 
| 154|0x0000000089a00000, 0x0000000089b00000, 0x0000000089b00000|100%| O|  |TAMS 0x0000000089a00000, 0x0000000089a00000| Untracked 
| 155|0x0000000089b00000, 0x0000000089c00000, 0x0000000089c00000|100%| O|  |TAMS 0x0000000089b00000, 0x0000000089b00000| Untracked 
| 156|0x0000000089c00000, 0x0000000089d00000, 0x0000000089d00000|100%| O|  |TAMS 0x0000000089c00000, 0x0000000089c00000| Untracked 
| 157|0x0000000089d00000, 0x0000000089e00000, 0x0000000089e00000|100%| O|  |TAMS 0x0000000089d00000, 0x0000000089d00000| Untracked 
| 158|0x0000000089e00000, 0x0000000089f00000, 0x0000000089f00000|100%| O|  |TAMS 0x0000000089e00000, 0x0000000089e00000| Untracked 
| 159|0x0000000089f00000, 0x000000008a000000, 0x000000008a000000|100%| O|  |TAMS 0x0000000089f00000, 0x0000000089f00000| Untracked 
| 160|0x000000008a000000, 0x000000008a100000, 0x000000008a100000|100%| O|  |TAMS 0x000000008a000000, 0x000000008a000000| Untracked 
| 161|0x000000008a100000, 0x000000008a200000, 0x000000008a200000|100%| O|  |TAMS 0x000000008a100000, 0x000000008a100000| Untracked 
| 162|0x000000008a200000, 0x000000008a300000, 0x000000008a300000|100%| O|  |TAMS 0x000000008a200000, 0x000000008a200000| Untracked 
| 163|0x000000008a300000, 0x000000008a400000, 0x000000008a400000|100%| O|  |TAMS 0x000000008a300000, 0x000000008a300000| Untracked 
| 164|0x000000008a400000, 0x000000008a500000, 0x000000008a500000|100%| O|  |TAMS 0x000000008a400000, 0x000000008a400000| Untracked 
| 165|0x000000008a500000, 0x000000008a600000, 0x000000008a600000|100%| O|  |TAMS 0x000000008a500000, 0x000000008a500000| Untracked 
| 166|0x000000008a600000, 0x000000008a700000, 0x000000008a700000|100%| O|  |TAMS 0x000000008a600000, 0x000000008a600000| Untracked 
| 167|0x000000008a700000, 0x000000008a800000, 0x000000008a800000|100%| O|  |TAMS 0x000000008a700000, 0x000000008a700000| Untracked 
| 168|0x000000008a800000, 0x000000008a900000, 0x000000008a900000|100%| O|  |TAMS 0x000000008a800000, 0x000000008a800000| Untracked 
| 169|0x000000008a900000, 0x000000008aa00000, 0x000000008aa00000|100%| O|  |TAMS 0x000000008a900000, 0x000000008a900000| Untracked 
| 170|0x000000008aa00000, 0x000000008ab00000, 0x000000008ab00000|100%| O|  |TAMS 0x000000008aa00000, 0x000000008aa00000| Untracked 
| 171|0x000000008ab00000, 0x000000008ac00000, 0x000000008ac00000|100%| O|  |TAMS 0x000000008ab00000, 0x000000008ab00000| Untracked 
| 172|0x000000008ac00000, 0x000000008ad00000, 0x000000008ad00000|100%| O|  |TAMS 0x000000008ac00000, 0x000000008ac00000| Untracked 
| 173|0x000000008ad00000, 0x000000008ae00000, 0x000000008ae00000|100%| O|  |TAMS 0x000000008ad00000, 0x000000008ad00000| Untracked 
| 174|0x000000008ae00000, 0x000000008af00000, 0x000000008af00000|100%| O|  |TAMS 0x000000008ae00000, 0x000000008ae00000| Untracked 
| 175|0x000000008af00000, 0x000000008b000000, 0x000000008b000000|100%| O|  |TAMS 0x000000008af00000, 0x000000008af00000| Untracked 
| 176|0x000000008b000000, 0x000000008b100000, 0x000000008b100000|100%| O|  |TAMS 0x000000008b000000, 0x000000008b000000| Untracked 
| 177|0x000000008b100000, 0x000000008b200000, 0x000000008b200000|100%| O|  |TAMS 0x000000008b100000, 0x000000008b100000| Untracked 
| 178|0x000000008b200000, 0x000000008b300000, 0x000000008b300000|100%| O|  |TAMS 0x000000008b200000, 0x000000008b200000| Untracked 
| 179|0x000000008b300000, 0x000000008b400000, 0x000000008b400000|100%| O|  |TAMS 0x000000008b300000, 0x000000008b300000| Untracked 
| 180|0x000000008b400000, 0x000000008b500000, 0x000000008b500000|100%| O|  |TAMS 0x000000008b400000, 0x000000008b400000| Untracked 
| 181|0x000000008b500000, 0x000000008b600000, 0x000000008b600000|100%| O|  |TAMS 0x000000008b500000, 0x000000008b500000| Untracked 
| 182|0x000000008b600000, 0x000000008b700000, 0x000000008b700000|100%| O|  |TAMS 0x000000008b600000, 0x000000008b600000| Untracked 
| 183|0x000000008b700000, 0x000000008b800000, 0x000000008b800000|100%| O|  |TAMS 0x000000008b700000, 0x000000008b700000| Untracked 
| 184|0x000000008b800000, 0x000000008b900000, 0x000000008b900000|100%| O|  |TAMS 0x000000008b800000, 0x000000008b800000| Untracked 
| 185|0x000000008b900000, 0x000000008ba00000, 0x000000008ba00000|100%| O|  |TAMS 0x000000008b900000, 0x000000008b900000| Untracked 
| 186|0x000000008ba00000, 0x000000008bb00000, 0x000000008bb00000|100%| O|  |TAMS 0x000000008ba00000, 0x000000008ba00000| Untracked 
| 187|0x000000008bb00000, 0x000000008bc00000, 0x000000008bc00000|100%| O|  |TAMS 0x000000008bb00000, 0x000000008bb00000| Untracked 
| 188|0x000000008bc00000, 0x000000008bd00000, 0x000000008bd00000|100%| O|  |TAMS 0x000000008bc00000, 0x000000008bc00000| Untracked 
| 189|0x000000008bd00000, 0x000000008be00000, 0x000000008be00000|100%| O|  |TAMS 0x000000008bd00000, 0x000000008bd00000| Untracked 
| 190|0x000000008be00000, 0x000000008bf00000, 0x000000008bf00000|100%| O|  |TAMS 0x000000008be00000, 0x000000008be00000| Untracked 
| 191|0x000000008bf00000, 0x000000008c000000, 0x000000008c000000|100%| O|  |TAMS 0x000000008bf00000, 0x000000008bf00000| Untracked 
| 192|0x000000008c000000, 0x000000008c100000, 0x000000008c100000|100%| O|  |TAMS 0x000000008c000000, 0x000000008c000000| Untracked 
| 193|0x000000008c100000, 0x000000008c200000, 0x000000008c200000|100%| O|  |TAMS 0x000000008c100000, 0x000000008c100000| Untracked 
| 194|0x000000008c200000, 0x000000008c300000, 0x000000008c300000|100%| O|  |TAMS 0x000000008c200000, 0x000000008c200000| Untracked 
| 195|0x000000008c300000, 0x000000008c400000, 0x000000008c400000|100%| O|  |TAMS 0x000000008c300000, 0x000000008c300000| Untracked 
| 196|0x000000008c400000, 0x000000008c500000, 0x000000008c500000|100%| O|  |TAMS 0x000000008c400000, 0x000000008c400000| Untracked 
| 197|0x000000008c500000, 0x000000008c600000, 0x000000008c600000|100%| O|  |TAMS 0x000000008c500000, 0x000000008c500000| Untracked 
| 198|0x000000008c600000, 0x000000008c700000, 0x000000008c700000|100%| O|  |TAMS 0x000000008c600000, 0x000000008c600000| Untracked 
| 199|0x000000008c700000, 0x000000008c800000, 0x000000008c800000|100%| O|  |TAMS 0x000000008c700000, 0x000000008c700000| Untracked 
| 200|0x000000008c800000, 0x000000008c900000, 0x000000008c900000|100%| O|  |TAMS 0x000000008c800000, 0x000000008c800000| Untracked 
| 201|0x000000008c900000, 0x000000008ca00000, 0x000000008ca00000|100%| O|  |TAMS 0x000000008c900000, 0x000000008c900000| Untracked 
| 202|0x000000008ca00000, 0x000000008cb00000, 0x000000008cb00000|100%| O|  |TAMS 0x000000008ca00000, 0x000000008ca00000| Untracked 
| 203|0x000000008cb00000, 0x000000008cc00000, 0x000000008cc00000|100%| O|  |TAMS 0x000000008cb00000, 0x000000008cb00000| Untracked 
| 204|0x000000008cc00000, 0x000000008cd00000, 0x000000008cd00000|100%| O|  |TAMS 0x000000008cc00000, 0x000000008cc00000| Untracked 
| 205|0x000000008cd00000, 0x000000008ce00000, 0x000000008ce00000|100%| O|  |TAMS 0x000000008cd00000, 0x000000008cd00000| Untracked 
| 206|0x000000008ce00000, 0x000000008cf00000, 0x000000008cf00000|100%| O|  |TAMS 0x000000008ce00000, 0x000000008ce00000| Untracked 
| 207|0x000000008cf00000, 0x000000008d000000, 0x000000008d000000|100%| O|  |TAMS 0x000000008cf00000, 0x000000008cf00000| Untracked 
| 208|0x000000008d000000, 0x000000008d100000, 0x000000008d100000|100%| O|  |TAMS 0x000000008d000000, 0x000000008d000000| Untracked 
| 209|0x000000008d100000, 0x000000008d200000, 0x000000008d200000|100%| O|  |TAMS 0x000000008d100000, 0x000000008d100000| Untracked 
| 210|0x000000008d200000, 0x000000008d300000, 0x000000008d300000|100%| O|  |TAMS 0x000000008d200000, 0x000000008d200000| Untracked 
| 211|0x000000008d300000, 0x000000008d400000, 0x000000008d400000|100%| O|  |TAMS 0x000000008d300000, 0x000000008d300000| Untracked 
| 212|0x000000008d400000, 0x000000008d500000, 0x000000008d500000|100%| O|  |TAMS 0x000000008d400000, 0x000000008d400000| Untracked 
| 213|0x000000008d500000, 0x000000008d600000, 0x000000008d600000|100%| O|  |TAMS 0x000000008d500000, 0x000000008d500000| Untracked 
| 214|0x000000008d600000, 0x000000008d700000, 0x000000008d700000|100%| O|  |TAMS 0x000000008d600000, 0x000000008d600000| Untracked 
| 215|0x000000008d700000, 0x000000008d800000, 0x000000008d800000|100%| O|  |TAMS 0x000000008d700000, 0x000000008d700000| Untracked 
| 216|0x000000008d800000, 0x000000008d900000, 0x000000008d900000|100%| O|  |TAMS 0x000000008d800000, 0x000000008d800000| Untracked 
| 217|0x000000008d900000, 0x000000008da00000, 0x000000008da00000|100%| O|  |TAMS 0x000000008d900000, 0x000000008d900000| Untracked 
| 218|0x000000008da00000, 0x000000008db00000, 0x000000008db00000|100%| O|  |TAMS 0x000000008da00000, 0x000000008da00000| Untracked 
| 219|0x000000008db00000, 0x000000008dc00000, 0x000000008dc00000|100%| O|  |TAMS 0x000000008db00000, 0x000000008db00000| Untracked 
| 220|0x000000008dc00000, 0x000000008dd00000, 0x000000008dd00000|100%| O|  |TAMS 0x000000008dc00000, 0x000000008dc00000| Untracked 
| 221|0x000000008dd00000, 0x000000008de00000, 0x000000008de00000|100%| O|  |TAMS 0x000000008dd00000, 0x000000008dd00000| Untracked 
| 222|0x000000008de00000, 0x000000008df00000, 0x000000008df00000|100%| O|  |TAMS 0x000000008de00000, 0x000000008de00000| Untracked 
| 223|0x000000008df00000, 0x000000008e000000, 0x000000008e000000|100%| O|  |TAMS 0x000000008df00000, 0x000000008df00000| Untracked 
| 224|0x000000008e000000, 0x000000008e100000, 0x000000008e100000|100%| O|  |TAMS 0x000000008e000000, 0x000000008e000000| Untracked 
| 225|0x000000008e100000, 0x000000008e200000, 0x000000008e200000|100%| O|  |TAMS 0x000000008e100000, 0x000000008e100000| Untracked 
| 226|0x000000008e200000, 0x000000008e300000, 0x000000008e300000|100%| O|  |TAMS 0x000000008e200000, 0x000000008e200000| Untracked 
| 227|0x000000008e300000, 0x000000008e400000, 0x000000008e400000|100%| O|  |TAMS 0x000000008e300000, 0x000000008e300000| Untracked 
| 228|0x000000008e400000, 0x000000008e500000, 0x000000008e500000|100%| O|  |TAMS 0x000000008e400000, 0x000000008e400000| Untracked 
| 229|0x000000008e500000, 0x000000008e600000, 0x000000008e600000|100%| O|  |TAMS 0x000000008e500000, 0x000000008e500000| Untracked 
| 230|0x000000008e600000, 0x000000008e700000, 0x000000008e700000|100%| O|  |TAMS 0x000000008e600000, 0x000000008e600000| Untracked 
| 231|0x000000008e700000, 0x000000008e800000, 0x000000008e800000|100%| O|  |TAMS 0x000000008e700000, 0x000000008e700000| Untracked 
| 232|0x000000008e800000, 0x000000008e900000, 0x000000008e900000|100%| O|  |TAMS 0x000000008e800000, 0x000000008e800000| Untracked 
| 233|0x000000008e900000, 0x000000008ea00000, 0x000000008ea00000|100%| O|  |TAMS 0x000000008e900000, 0x000000008e900000| Untracked 
| 234|0x000000008ea00000, 0x000000008eb00000, 0x000000008eb00000|100%| O|  |TAMS 0x000000008ea00000, 0x000000008ea00000| Untracked 
| 235|0x000000008eb00000, 0x000000008ec00000, 0x000000008ec00000|100%| O|  |TAMS 0x000000008eb00000, 0x000000008eb00000| Untracked 
| 236|0x000000008ec00000, 0x000000008ed00000, 0x000000008ed00000|100%| O|  |TAMS 0x000000008ec00000, 0x000000008ec00000| Untracked 
| 237|0x000000008ed00000, 0x000000008ee00000, 0x000000008ee00000|100%| O|  |TAMS 0x000000008ed00000, 0x000000008ed00000| Untracked 
| 238|0x000000008ee00000, 0x000000008ee8fa00, 0x000000008ef00000| 56%| O|  |TAMS 0x000000008ee00000, 0x000000008ee00000| Untracked 
| 239|0x000000008ef00000, 0x000000008ef00000, 0x000000008f000000|  0%| F|  |TAMS 0x000000008ef00000, 0x000000008ef00000| Untracked 
| 240|0x000000008f000000, 0x000000008f000000, 0x000000008f100000|  0%| F|  |TAMS 0x000000008f000000, 0x000000008f000000| Untracked 
| 241|0x000000008f100000, 0x000000008f100000, 0x000000008f200000|  0%| F|  |TAMS 0x000000008f100000, 0x000000008f100000| Untracked 
| 242|0x000000008f200000, 0x000000008f200000, 0x000000008f300000|  0%| F|  |TAMS 0x000000008f200000, 0x000000008f200000| Untracked 
| 243|0x000000008f300000, 0x000000008f300000, 0x000000008f400000|  0%| F|  |TAMS 0x000000008f300000, 0x000000008f300000| Untracked 
| 244|0x000000008f400000, 0x000000008f400000, 0x000000008f500000|  0%| F|  |TAMS 0x000000008f400000, 0x000000008f400000| Untracked 
| 245|0x000000008f500000, 0x000000008f500000, 0x000000008f600000|  0%| F|  |TAMS 0x000000008f500000, 0x000000008f500000| Untracked 
| 246|0x000000008f600000, 0x000000008f600000, 0x000000008f700000|  0%| F|  |TAMS 0x000000008f600000, 0x000000008f600000| Untracked 
| 247|0x000000008f700000, 0x000000008f700000, 0x000000008f800000|  0%| F|  |TAMS 0x000000008f700000, 0x000000008f700000| Untracked 
| 248|0x000000008f800000, 0x000000008f800000, 0x000000008f900000|  0%| F|  |TAMS 0x000000008f800000, 0x000000008f800000| Untracked 
| 249|0x000000008f900000, 0x000000008f900000, 0x000000008fa00000|  0%| F|  |TAMS 0x000000008f900000, 0x000000008f900000| Untracked 
| 250|0x000000008fa00000, 0x000000008fa00000, 0x000000008fb00000|  0%| F|  |TAMS 0x000000008fa00000, 0x000000008fa00000| Untracked 
| 251|0x000000008fb00000, 0x000000008fb00000, 0x000000008fc00000|  0%| F|  |TAMS 0x000000008fb00000, 0x000000008fb00000| Untracked 
| 252|0x000000008fc00000, 0x000000008fc00000, 0x000000008fd00000|  0%| F|  |TAMS 0x000000008fc00000, 0x000000008fc00000| Untracked 
| 253|0x000000008fd00000, 0x000000008fd00000, 0x000000008fe00000|  0%| F|  |TAMS 0x000000008fd00000, 0x000000008fd00000| Untracked 
| 254|0x000000008fe00000, 0x000000008fe00000, 0x000000008ff00000|  0%| F|  |TAMS 0x000000008fe00000, 0x000000008fe00000| Untracked 
| 255|0x000000008ff00000, 0x000000008ff00000, 0x0000000090000000|  0%| F|  |TAMS 0x000000008ff00000, 0x000000008ff00000| Untracked 
| 256|0x0000000090000000, 0x0000000090000000, 0x0000000090100000|  0%| F|  |TAMS 0x0000000090000000, 0x0000000090000000| Untracked 
| 257|0x0000000090100000, 0x0000000090100000, 0x0000000090200000|  0%| F|  |TAMS 0x0000000090100000, 0x0000000090100000| Untracked 
| 258|0x0000000090200000, 0x0000000090200000, 0x0000000090300000|  0%| F|  |TAMS 0x0000000090200000, 0x0000000090200000| Untracked 
| 259|0x0000000090300000, 0x0000000090300000, 0x0000000090400000|  0%| F|  |TAMS 0x0000000090300000, 0x0000000090300000| Untracked 
| 260|0x0000000090400000, 0x0000000090400000, 0x0000000090500000|  0%| F|  |TAMS 0x0000000090400000, 0x0000000090400000| Untracked 
| 261|0x0000000090500000, 0x0000000090500000, 0x0000000090600000|  0%| F|  |TAMS 0x0000000090500000, 0x0000000090500000| Untracked 
| 262|0x0000000090600000, 0x0000000090600000, 0x0000000090700000|  0%| F|  |TAMS 0x0000000090600000, 0x0000000090600000| Untracked 
| 263|0x0000000090700000, 0x0000000090700000, 0x0000000090800000|  0%| F|  |TAMS 0x0000000090700000, 0x0000000090700000| Untracked 
| 264|0x0000000090800000, 0x0000000090800000, 0x0000000090900000|  0%| F|  |TAMS 0x0000000090800000, 0x0000000090800000| Untracked 
| 265|0x0000000090900000, 0x0000000090900000, 0x0000000090a00000|  0%| F|  |TAMS 0x0000000090900000, 0x0000000090900000| Untracked 
| 266|0x0000000090a00000, 0x0000000090a00000, 0x0000000090b00000|  0%| F|  |TAMS 0x0000000090a00000, 0x0000000090a00000| Untracked 
| 267|0x0000000090b00000, 0x0000000090b00000, 0x0000000090c00000|  0%| F|  |TAMS 0x0000000090b00000, 0x0000000090b00000| Untracked 
| 268|0x0000000090c00000, 0x0000000090c00000, 0x0000000090d00000|  0%| F|  |TAMS 0x0000000090c00000, 0x0000000090c00000| Untracked 
| 269|0x0000000090d00000, 0x0000000090d00000, 0x0000000090e00000|  0%| F|  |TAMS 0x0000000090d00000, 0x0000000090d00000| Untracked 
| 270|0x0000000090e00000, 0x0000000090e00000, 0x0000000090f00000|  0%| F|  |TAMS 0x0000000090e00000, 0x0000000090e00000| Untracked 
| 271|0x0000000090f00000, 0x0000000090f00000, 0x0000000091000000|  0%| F|  |TAMS 0x0000000090f00000, 0x0000000090f00000| Untracked 
| 272|0x0000000091000000, 0x0000000091000000, 0x0000000091100000|  0%| F|  |TAMS 0x0000000091000000, 0x0000000091000000| Untracked 
| 273|0x0000000091100000, 0x0000000091100000, 0x0000000091200000|  0%| F|  |TAMS 0x0000000091100000, 0x0000000091100000| Untracked 
| 274|0x0000000091200000, 0x0000000091200000, 0x0000000091300000|  0%| F|  |TAMS 0x0000000091200000, 0x0000000091200000| Untracked 
| 275|0x0000000091300000, 0x0000000091300000, 0x0000000091400000|  0%| F|  |TAMS 0x0000000091300000, 0x0000000091300000| Untracked 
| 276|0x0000000091400000, 0x0000000091400000, 0x0000000091500000|  0%| F|  |TAMS 0x0000000091400000, 0x0000000091400000| Untracked 
| 277|0x0000000091500000, 0x0000000091500000, 0x0000000091600000|  0%| F|  |TAMS 0x0000000091500000, 0x0000000091500000| Untracked 
| 278|0x0000000091600000, 0x0000000091700000, 0x0000000091700000|100%| S|CS|TAMS 0x0000000091600000, 0x0000000091600000| Complete 
| 279|0x0000000091700000, 0x0000000091800000, 0x0000000091800000|100%| S|CS|TAMS 0x0000000091700000, 0x0000000091700000| Complete 
| 280|0x0000000091800000, 0x0000000091900000, 0x0000000091900000|100%| S|CS|TAMS 0x0000000091800000, 0x0000000091800000| Complete 
| 281|0x0000000091900000, 0x0000000091a00000, 0x0000000091a00000|100%| S|CS|TAMS 0x0000000091900000, 0x0000000091900000| Complete 
| 282|0x0000000091a00000, 0x0000000091b00000, 0x0000000091b00000|100%| S|CS|TAMS 0x0000000091a00000, 0x0000000091a00000| Complete 
| 283|0x0000000091b00000, 0x0000000091b00000, 0x0000000091c00000|  0%| F|  |TAMS 0x0000000091b00000, 0x0000000091b00000| Untracked 
| 284|0x0000000091c00000, 0x0000000091c00000, 0x0000000091d00000|  0%| F|  |TAMS 0x0000000091c00000, 0x0000000091c00000| Untracked 
| 285|0x0000000091d00000, 0x0000000091d00000, 0x0000000091e00000|  0%| F|  |TAMS 0x0000000091d00000, 0x0000000091d00000| Untracked 
| 286|0x0000000091e00000, 0x0000000091e00000, 0x0000000091f00000|  0%| F|  |TAMS 0x0000000091e00000, 0x0000000091e00000| Untracked 
| 287|0x0000000091f00000, 0x0000000091f00000, 0x0000000092000000|  0%| F|  |TAMS 0x0000000091f00000, 0x0000000091f00000| Untracked 
| 288|0x0000000092000000, 0x0000000092100000, 0x0000000092100000|100%| S|CS|TAMS 0x0000000092000000, 0x0000000092000000| Complete 
| 289|0x0000000092100000, 0x0000000092200000, 0x0000000092200000|100%| S|CS|TAMS 0x0000000092100000, 0x0000000092100000| Complete 
| 290|0x0000000092200000, 0x0000000092300000, 0x0000000092300000|100%| S|CS|TAMS 0x0000000092200000, 0x0000000092200000| Complete 
| 291|0x0000000092300000, 0x0000000092400000, 0x0000000092400000|100%| S|CS|TAMS 0x0000000092300000, 0x0000000092300000| Complete 
| 292|0x0000000092400000, 0x0000000092500000, 0x0000000092500000|100%| S|CS|TAMS 0x0000000092400000, 0x0000000092400000| Complete 
| 293|0x0000000092500000, 0x0000000092600000, 0x0000000092600000|100%| S|CS|TAMS 0x0000000092500000, 0x0000000092500000| Complete 
| 294|0x0000000092600000, 0x0000000092600000, 0x0000000092700000|  0%| F|  |TAMS 0x0000000092600000, 0x0000000092600000| Untracked 
| 295|0x0000000092700000, 0x0000000092700000, 0x0000000092800000|  0%| F|  |TAMS 0x0000000092700000, 0x0000000092700000| Untracked 
| 296|0x0000000092800000, 0x0000000092800000, 0x0000000092900000|  0%| F|  |TAMS 0x0000000092800000, 0x0000000092800000| Untracked 
| 297|0x0000000092900000, 0x0000000092900000, 0x0000000092a00000|  0%| F|  |TAMS 0x0000000092900000, 0x0000000092900000| Untracked 
| 298|0x0000000092a00000, 0x0000000092a00000, 0x0000000092b00000|  0%| F|  |TAMS 0x0000000092a00000, 0x0000000092a00000| Untracked 
| 299|0x0000000092b00000, 0x0000000092b00000, 0x0000000092c00000|  0%| F|  |TAMS 0x0000000092b00000, 0x0000000092b00000| Untracked 
| 300|0x0000000092c00000, 0x0000000092c00000, 0x0000000092d00000|  0%| F|  |TAMS 0x0000000092c00000, 0x0000000092c00000| Untracked 
| 301|0x0000000092d00000, 0x0000000092d00000, 0x0000000092e00000|  0%| F|  |TAMS 0x0000000092d00000, 0x0000000092d00000| Untracked 
| 302|0x0000000092e00000, 0x0000000092e00000, 0x0000000092f00000|  0%| F|  |TAMS 0x0000000092e00000, 0x0000000092e00000| Untracked 
| 303|0x0000000092f00000, 0x0000000092f00000, 0x0000000093000000|  0%| F|  |TAMS 0x0000000092f00000, 0x0000000092f00000| Untracked 
| 304|0x0000000093000000, 0x0000000093000000, 0x0000000093100000|  0%| F|  |TAMS 0x0000000093000000, 0x0000000093000000| Untracked 
| 305|0x0000000093100000, 0x0000000093100000, 0x0000000093200000|  0%| F|  |TAMS 0x0000000093100000, 0x0000000093100000| Untracked 
| 306|0x0000000093200000, 0x0000000093200000, 0x0000000093300000|  0%| F|  |TAMS 0x0000000093200000, 0x0000000093200000| Untracked 
| 307|0x0000000093300000, 0x0000000093300000, 0x0000000093400000|  0%| F|  |TAMS 0x0000000093300000, 0x0000000093300000| Untracked 
| 308|0x0000000093400000, 0x0000000093400000, 0x0000000093500000|  0%| F|  |TAMS 0x0000000093400000, 0x0000000093400000| Untracked 
| 309|0x0000000093500000, 0x0000000093500000, 0x0000000093600000|  0%| F|  |TAMS 0x0000000093500000, 0x0000000093500000| Untracked 
| 310|0x0000000093600000, 0x0000000093600000, 0x0000000093700000|  0%| F|  |TAMS 0x0000000093600000, 0x0000000093600000| Untracked 
| 311|0x0000000093700000, 0x0000000093700000, 0x0000000093800000|  0%| F|  |TAMS 0x0000000093700000, 0x0000000093700000| Untracked 
| 312|0x0000000093800000, 0x0000000093800000, 0x0000000093900000|  0%| F|  |TAMS 0x0000000093800000, 0x0000000093800000| Untracked 
| 313|0x0000000093900000, 0x0000000093900000, 0x0000000093a00000|  0%| F|  |TAMS 0x0000000093900000, 0x0000000093900000| Untracked 
| 314|0x0000000093a00000, 0x0000000093a00000, 0x0000000093b00000|  0%| F|  |TAMS 0x0000000093a00000, 0x0000000093a00000| Untracked 
| 315|0x0000000093b00000, 0x0000000093b00000, 0x0000000093c00000|  0%| F|  |TAMS 0x0000000093b00000, 0x0000000093b00000| Untracked 
| 316|0x0000000093c00000, 0x0000000093c00000, 0x0000000093d00000|  0%| F|  |TAMS 0x0000000093c00000, 0x0000000093c00000| Untracked 
| 317|0x0000000093d00000, 0x0000000093d00000, 0x0000000093e00000|  0%| F|  |TAMS 0x0000000093d00000, 0x0000000093d00000| Untracked 
| 318|0x0000000093e00000, 0x0000000093e00000, 0x0000000093f00000|  0%| F|  |TAMS 0x0000000093e00000, 0x0000000093e00000| Untracked 
| 319|0x0000000093f00000, 0x0000000093f00000, 0x0000000094000000|  0%| F|  |TAMS 0x0000000093f00000, 0x0000000093f00000| Untracked 
| 320|0x0000000094000000, 0x0000000094000000, 0x0000000094100000|  0%| F|  |TAMS 0x0000000094000000, 0x0000000094000000| Untracked 
| 321|0x0000000094100000, 0x0000000094100000, 0x0000000094200000|  0%| F|  |TAMS 0x0000000094100000, 0x0000000094100000| Untracked 
| 322|0x0000000094200000, 0x0000000094200000, 0x0000000094300000|  0%| F|  |TAMS 0x0000000094200000, 0x0000000094200000| Untracked 
| 323|0x0000000094300000, 0x0000000094300000, 0x0000000094400000|  0%| F|  |TAMS 0x0000000094300000, 0x0000000094300000| Untracked 
| 324|0x0000000094400000, 0x0000000094400000, 0x0000000094500000|  0%| F|  |TAMS 0x0000000094400000, 0x0000000094400000| Untracked 
| 325|0x0000000094500000, 0x0000000094500000, 0x0000000094600000|  0%| F|  |TAMS 0x0000000094500000, 0x0000000094500000| Untracked 
| 326|0x0000000094600000, 0x0000000094600000, 0x0000000094700000|  0%| F|  |TAMS 0x0000000094600000, 0x0000000094600000| Untracked 
| 327|0x0000000094700000, 0x0000000094700000, 0x0000000094800000|  0%| F|  |TAMS 0x0000000094700000, 0x0000000094700000| Untracked 
| 328|0x0000000094800000, 0x0000000094800000, 0x0000000094900000|  0%| F|  |TAMS 0x0000000094800000, 0x0000000094800000| Untracked 
| 329|0x0000000094900000, 0x0000000094900000, 0x0000000094a00000|  0%| F|  |TAMS 0x0000000094900000, 0x0000000094900000| Untracked 
| 330|0x0000000094a00000, 0x0000000094a00000, 0x0000000094b00000|  0%| F|  |TAMS 0x0000000094a00000, 0x0000000094a00000| Untracked 
| 331|0x0000000094b00000, 0x0000000094b00000, 0x0000000094c00000|  0%| F|  |TAMS 0x0000000094b00000, 0x0000000094b00000| Untracked 
| 332|0x0000000094c00000, 0x0000000094c00000, 0x0000000094d00000|  0%| F|  |TAMS 0x0000000094c00000, 0x0000000094c00000| Untracked 
| 333|0x0000000094d00000, 0x0000000094d00000, 0x0000000094e00000|  0%| F|  |TAMS 0x0000000094d00000, 0x0000000094d00000| Untracked 
| 334|0x0000000094e00000, 0x0000000094e00000, 0x0000000094f00000|  0%| F|  |TAMS 0x0000000094e00000, 0x0000000094e00000| Untracked 
| 335|0x0000000094f00000, 0x0000000094f00000, 0x0000000095000000|  0%| F|  |TAMS 0x0000000094f00000, 0x0000000094f00000| Untracked 
| 336|0x0000000095000000, 0x0000000095000000, 0x0000000095100000|  0%| F|  |TAMS 0x0000000095000000, 0x0000000095000000| Untracked 
| 337|0x0000000095100000, 0x0000000095100000, 0x0000000095200000|  0%| F|  |TAMS 0x0000000095100000, 0x0000000095100000| Untracked 
| 338|0x0000000095200000, 0x0000000095200000, 0x0000000095300000|  0%| F|  |TAMS 0x0000000095200000, 0x0000000095200000| Untracked 
| 339|0x0000000095300000, 0x0000000095300000, 0x0000000095400000|  0%| F|  |TAMS 0x0000000095300000, 0x0000000095300000| Untracked 
| 340|0x0000000095400000, 0x0000000095400000, 0x0000000095500000|  0%| F|  |TAMS 0x0000000095400000, 0x0000000095400000| Untracked 
| 341|0x0000000095500000, 0x0000000095500000, 0x0000000095600000|  0%| F|  |TAMS 0x0000000095500000, 0x0000000095500000| Untracked 
| 342|0x0000000095600000, 0x0000000095600000, 0x0000000095700000|  0%| F|  |TAMS 0x0000000095600000, 0x0000000095600000| Untracked 
| 343|0x0000000095700000, 0x0000000095700000, 0x0000000095800000|  0%| F|  |TAMS 0x0000000095700000, 0x0000000095700000| Untracked 
| 344|0x0000000095800000, 0x0000000095800000, 0x0000000095900000|  0%| F|  |TAMS 0x0000000095800000, 0x0000000095800000| Untracked 
| 345|0x0000000095900000, 0x0000000095900000, 0x0000000095a00000|  0%| F|  |TAMS 0x0000000095900000, 0x0000000095900000| Untracked 
| 346|0x0000000095a00000, 0x0000000095a00000, 0x0000000095b00000|  0%| F|  |TAMS 0x0000000095a00000, 0x0000000095a00000| Untracked 
| 347|0x0000000095b00000, 0x0000000095b00000, 0x0000000095c00000|  0%| F|  |TAMS 0x0000000095b00000, 0x0000000095b00000| Untracked 
| 348|0x0000000095c00000, 0x0000000095c00000, 0x0000000095d00000|  0%| F|  |TAMS 0x0000000095c00000, 0x0000000095c00000| Untracked 
| 349|0x0000000095d00000, 0x0000000095d00000, 0x0000000095e00000|  0%| F|  |TAMS 0x0000000095d00000, 0x0000000095d00000| Untracked 
| 350|0x0000000095e00000, 0x0000000095e00000, 0x0000000095f00000|  0%| F|  |TAMS 0x0000000095e00000, 0x0000000095e00000| Untracked 
| 351|0x0000000095f00000, 0x0000000095f00000, 0x0000000096000000|  0%| F|  |TAMS 0x0000000095f00000, 0x0000000095f00000| Untracked 
| 352|0x0000000096000000, 0x0000000096000000, 0x0000000096100000|  0%| F|  |TAMS 0x0000000096000000, 0x0000000096000000| Untracked 
| 353|0x0000000096100000, 0x0000000096100000, 0x0000000096200000|  0%| F|  |TAMS 0x0000000096100000, 0x0000000096100000| Untracked 
| 354|0x0000000096200000, 0x0000000096200000, 0x0000000096300000|  0%| F|  |TAMS 0x0000000096200000, 0x0000000096200000| Untracked 
| 355|0x0000000096300000, 0x0000000096300000, 0x0000000096400000|  0%| F|  |TAMS 0x0000000096300000, 0x0000000096300000| Untracked 
| 356|0x0000000096400000, 0x0000000096400000, 0x0000000096500000|  0%| F|  |TAMS 0x0000000096400000, 0x0000000096400000| Untracked 
| 357|0x0000000096500000, 0x0000000096500000, 0x0000000096600000|  0%| F|  |TAMS 0x0000000096500000, 0x0000000096500000| Untracked 
| 358|0x0000000096600000, 0x0000000096600000, 0x0000000096700000|  0%| F|  |TAMS 0x0000000096600000, 0x0000000096600000| Untracked 
| 359|0x0000000096700000, 0x0000000096700000, 0x0000000096800000|  0%| F|  |TAMS 0x0000000096700000, 0x0000000096700000| Untracked 
| 360|0x0000000096800000, 0x0000000096800000, 0x0000000096900000|  0%| F|  |TAMS 0x0000000096800000, 0x0000000096800000| Untracked 
| 361|0x0000000096900000, 0x0000000096900000, 0x0000000096a00000|  0%| F|  |TAMS 0x0000000096900000, 0x0000000096900000| Untracked 
| 362|0x0000000096a00000, 0x0000000096a00000, 0x0000000096b00000|  0%| F|  |TAMS 0x0000000096a00000, 0x0000000096a00000| Untracked 
| 363|0x0000000096b00000, 0x0000000096b00000, 0x0000000096c00000|  0%| F|  |TAMS 0x0000000096b00000, 0x0000000096b00000| Untracked 
| 364|0x0000000096c00000, 0x0000000096c00000, 0x0000000096d00000|  0%| F|  |TAMS 0x0000000096c00000, 0x0000000096c00000| Untracked 

Card table byte_map: [0x000001c328a80000,0x000001c328e80000] _byte_map_base: 0x000001c328680000

Marking Bits (Prev, Next): (CMBitMap*) 0x000001c315edce50, (CMBitMap*) 0x000001c315edce90
 Prev Bits: [0x000001c329280000, 0x000001c32b280000)
 Next Bits: [0x000001c32b280000, 0x000001c32d280000)

Polling page: 0x000001c315630000

Metaspace:

Usage:
  Non-class:    124.11 MB used.
      Class:     19.45 MB used.
       Both:    143.56 MB used.

Virtual space:
  Non-class space:      128.00 MB reserved,     124.56 MB ( 97%) committed,  2 nodes.
      Class space:      416.00 MB reserved,      19.88 MB (  5%) committed,  1 nodes.
             Both:      544.00 MB reserved,     144.44 MB ( 27%) committed. 

Chunk freelists:
   Non-Class:  2.94 MB
       Class:  12.10 MB
        Both:  15.04 MB

MaxMetaspaceSize: 512.00 MB
CompressedClassSpaceSize: 416.00 MB
Initial GC threshold: 21.00 MB
Current GC threshold: 172.12 MB
CDS: off
MetaspaceReclaimPolicy: balanced
 - commit_granule_bytes: 65536.
 - commit_granule_words: 8192.
 - virtual_space_node_default_size: 8388608.
 - enlarge_chunks_in_place: 1.
 - new_chunks_are_fully_committed: 0.
 - uncommit_free_chunks: 1.
 - use_allocation_guard: 0.
 - handle_deallocations: 1.


Internal statistics:

num_allocs_failed_limit: 9.
num_arena_births: 1456.
num_arena_deaths: 0.
num_vsnodes_births: 3.
num_vsnodes_deaths: 0.
num_space_committed: 2309.
num_space_uncommitted: 0.
num_chunks_returned_to_freelist: 9.
num_chunks_taken_from_freelist: 7022.
num_chunk_merges: 9.
num_chunk_splits: 4657.
num_chunks_enlarged: 3140.
num_inconsistent_stats: 0.

CodeHeap 'non-profiled nmethods': size=120000Kb used=12560Kb max_used=12560Kb free=107440Kb
 bounds [0x000001c320e20000, 0x000001c321aa0000, 0x000001c328350000]
CodeHeap 'profiled nmethods': size=120000Kb used=47058Kb max_used=47362Kb free=72941Kb
 bounds [0x000001c319350000, 0x000001c31c260000, 0x000001c320880000]
CodeHeap 'non-nmethods': size=5760Kb used=2503Kb max_used=2568Kb free=3256Kb
 bounds [0x000001c320880000, 0x000001c320b10000, 0x000001c320e20000]
 total_blobs=22150 nmethods=21099 adapters=961
 compilation: enabled
              stopped_count=0, restarted_count=0
 full_count=0

Compilation events (20 events):
Event: 395.768 Thread 0x000001c334092b80 nmethod 27333 0x000001c31bcef690 code [0x000001c31bcefb40, 0x000001c31bcf27d8]
Event: 395.768 Thread 0x000001c334092b80 27334 %     3       com.android.tools.r8.internal.KU::b @ 76 (115 bytes)
Event: 395.769 Thread 0x000001c334092b80 nmethod 27334% 0x000001c31b5a4690 code [0x000001c31b5a48c0, 0x000001c31b5a5128]
Event: 395.773 Thread 0x000001c334092b80 27335       3       com.android.tools.r8.graph.N2$b::a (50 bytes)
Event: 395.774 Thread 0x000001c334092b80 nmethod 27335 0x000001c31b5a3b10 code [0x000001c31b5a3d00, 0x000001c31b5a4258]
Event: 395.780 Thread 0x000001c334092b80 27336       3       com.android.tools.r8.internal.KU::b (115 bytes)
Event: 395.782 Thread 0x000001c334092b80 nmethod 27336 0x000001c31bc37390 code [0x000001c31bc375c0, 0x000001c31bc37d48]
Event: 395.782 Thread 0x000001c334092b80 27337 %     3       com.android.tools.r8.dex.L::a @ 194 (318 bytes)
Event: 395.795 Thread 0x000001c334092b80 nmethod 27337% 0x000001c31c032590 code [0x000001c31c032d60, 0x000001c31c037b98]
Event: 395.795 Thread 0x000001c334092b80 27338       1       com.android.tools.r8.graph.T4::a (2 bytes)
Event: 395.796 Thread 0x000001c334092b80 nmethod 27338 0x000001c321969890 code [0x000001c321969a20, 0x000001c321969af8]
Event: 395.800 Thread 0x000001c334092b80 27340 %     3       com.android.tools.r8.graph.E0::l1 @ 10 (44 bytes)
Event: 395.802 Thread 0x000001c334092b80 nmethod 27340% 0x000001c31bc36990 code [0x000001c31bc36b80, 0x000001c31bc371e8]
Event: 395.934 Thread 0x000001c334092b80 27343       1       com.android.tools.r8.internal.Zc0::L2 (2 bytes)
Event: 395.935 Thread 0x000001c334092b80 nmethod 27343 0x000001c32189e890 code [0x000001c32189ea20, 0x000001c32189eaf8]
Event: 396.051 Thread 0x000001c334092b80 27344       2       com.android.tools.r8.graph.C3$a::<init> (32 bytes)
Event: 396.052 Thread 0x000001c334092b80 nmethod 27344 0x000001c31bc36510 code [0x000001c31bc366a0, 0x000001c31bc36858]
Event: 396.055 Thread 0x000001c334092b80 27345       3       com.android.tools.r8.graph.E0::l1 (44 bytes)
Event: 396.056 Thread 0x000001c334092b80 nmethod 27345 0x000001c31c031b90 code [0x000001c31c031d80, 0x000001c31c0323a8]
Event: 396.090 Thread 0x000001c334092b80 27346       3       com.android.tools.r8.internal.ln0::a (549 bytes)

GC Heap History (20 events):
Event: 380.075 GC heap after
{Heap after GC invocations=133 (full 0):
 garbage-first heap   total 373760K, used 229643K [0x0000000080000000, 0x0000000100000000)
  region size 1024K, 7 young (7168K), 7 survivors (7168K)
 Metaspace       used 146848K, committed 147776K, reserved 557056K
  class space    used 19911K, committed 20352K, reserved 425984K
}
Event: 382.611 GC heap before
{Heap before GC invocations=133 (full 0):
 garbage-first heap   total 373760K, used 327947K [0x0000000080000000, 0x0000000100000000)
  region size 1024K, 103 young (105472K), 7 survivors (7168K)
 Metaspace       used 146856K, committed 147776K, reserved 557056K
  class space    used 19911K, committed 20352K, reserved 425984K
}
Event: 382.632 GC heap after
{Heap after GC invocations=134 (full 0):
 garbage-first heap   total 373760K, used 230087K [0x0000000080000000, 0x0000000100000000)
  region size 1024K, 7 young (7168K), 7 survivors (7168K)
 Metaspace       used 146856K, committed 147776K, reserved 557056K
  class space    used 19911K, committed 20352K, reserved 425984K
}
Event: 388.088 GC heap before
{Heap before GC invocations=134 (full 0):
 garbage-first heap   total 373760K, used 328391K [0x0000000080000000, 0x0000000100000000)
  region size 1024K, 103 young (105472K), 7 survivors (7168K)
 Metaspace       used 146871K, committed 147776K, reserved 557056K
  class space    used 19911K, committed 20352K, reserved 425984K
}
Event: 388.109 GC heap after
{Heap after GC invocations=135 (full 0):
 garbage-first heap   total 373760K, used 233304K [0x0000000080000000, 0x0000000100000000)
  region size 1024K, 10 young (10240K), 10 survivors (10240K)
 Metaspace       used 146871K, committed 147776K, reserved 557056K
  class space    used 19911K, committed 20352K, reserved 425984K
}
Event: 390.855 GC heap before
{Heap before GC invocations=135 (full 0):
 garbage-first heap   total 373760K, used 326488K [0x0000000080000000, 0x0000000100000000)
  region size 1024K, 100 young (102400K), 10 survivors (10240K)
 Metaspace       used 146952K, committed 147904K, reserved 557056K
  class space    used 19914K, committed 20352K, reserved 425984K
}
Event: 391.281 GC heap after
{Heap after GC invocations=136 (full 0):
 garbage-first heap   total 373760K, used 234318K [0x0000000080000000, 0x0000000100000000)
  region size 1024K, 8 young (8192K), 8 survivors (8192K)
 Metaspace       used 146952K, committed 147904K, reserved 557056K
  class space    used 19914K, committed 20352K, reserved 425984K
}
Event: 392.098 GC heap before
{Heap before GC invocations=136 (full 0):
 garbage-first heap   total 373760K, used 294734K [0x0000000080000000, 0x0000000100000000)
  region size 1024K, 68 young (69632K), 8 survivors (8192K)
 Metaspace       used 146964K, committed 147904K, reserved 557056K
  class space    used 19915K, committed 20352K, reserved 425984K
}
Event: 392.144 GC heap after
{Heap after GC invocations=137 (full 0):
 garbage-first heap   total 373760K, used 237861K [0x0000000080000000, 0x0000000100000000)
  region size 1024K, 5 young (5120K), 5 survivors (5120K)
 Metaspace       used 146964K, committed 147904K, reserved 557056K
  class space    used 19915K, committed 20352K, reserved 425984K
}
Event: 392.707 GC heap before
{Heap before GC invocations=137 (full 0):
 garbage-first heap   total 373760K, used 322853K [0x0000000080000000, 0x0000000100000000)
  region size 1024K, 89 young (91136K), 5 survivors (5120K)
 Metaspace       used 146974K, committed 147904K, reserved 557056K
  class space    used 19915K, committed 20352K, reserved 425984K
}
Event: 392.718 GC heap after
{Heap after GC invocations=138 (full 0):
 garbage-first heap   total 373760K, used 239189K [0x0000000080000000, 0x0000000100000000)
  region size 1024K, 6 young (6144K), 6 survivors (6144K)
 Metaspace       used 146974K, committed 147904K, reserved 557056K
  class space    used 19915K, committed 20352K, reserved 425984K
}
Event: 393.447 GC heap before
{Heap before GC invocations=138 (full 0):
 garbage-first heap   total 373760K, used 323157K [0x0000000080000000, 0x0000000100000000)
  region size 1024K, 89 young (91136K), 6 survivors (6144K)
 Metaspace       used 146987K, committed 147904K, reserved 557056K
  class space    used 19916K, committed 20352K, reserved 425984K
}
Event: 393.458 GC heap after
{Heap after GC invocations=139 (full 0):
 garbage-first heap   total 373760K, used 238558K [0x0000000080000000, 0x0000000100000000)
  region size 1024K, 6 young (6144K), 6 survivors (6144K)
 Metaspace       used 146987K, committed 147904K, reserved 557056K
  class space    used 19916K, committed 20352K, reserved 425984K
}
Event: 394.062 GC heap before
{Heap before GC invocations=139 (full 0):
 garbage-first heap   total 373760K, used 324574K [0x0000000080000000, 0x0000000100000000)
  region size 1024K, 90 young (92160K), 6 survivors (6144K)
 Metaspace       used 146992K, committed 147904K, reserved 557056K
  class space    used 19916K, committed 20352K, reserved 425984K
}
Event: 394.076 GC heap after
{Heap after GC invocations=140 (full 0):
 garbage-first heap   total 373760K, used 240590K [0x0000000080000000, 0x0000000100000000)
  region size 1024K, 8 young (8192K), 8 survivors (8192K)
 Metaspace       used 146992K, committed 147904K, reserved 557056K
  class space    used 19916K, committed 20352K, reserved 425984K
}
Event: 394.997 GC heap before
{Heap before GC invocations=140 (full 0):
 garbage-first heap   total 373760K, used 323534K [0x0000000080000000, 0x0000000100000000)
  region size 1024K, 90 young (92160K), 8 survivors (8192K)
 Metaspace       used 146996K, committed 147904K, reserved 557056K
  class space    used 19916K, committed 20352K, reserved 425984K
}
Event: 395.026 GC heap after
{Heap after GC invocations=141 (full 0):
 garbage-first heap   total 373760K, used 244742K [0x0000000080000000, 0x0000000100000000)
  region size 1024K, 10 young (10240K), 10 survivors (10240K)
 Metaspace       used 146996K, committed 147904K, reserved 557056K
  class space    used 19916K, committed 20352K, reserved 425984K
}
Event: 395.579 GC heap before
{Heap before GC invocations=141 (full 0):
 garbage-first heap   total 373760K, used 322566K [0x0000000080000000, 0x0000000100000000)
  region size 1024K, 87 young (89088K), 10 survivors (10240K)
 Metaspace       used 146999K, committed 147904K, reserved 557056K
  class space    used 19916K, committed 20352K, reserved 425984K
}
Event: 395.610 GC heap after
{Heap after GC invocations=142 (full 0):
 garbage-first heap   total 373760K, used 248730K [0x0000000080000000, 0x0000000100000000)
  region size 1024K, 10 young (10240K), 10 survivors (10240K)
 Metaspace       used 146999K, committed 147904K, reserved 557056K
  class space    used 19916K, committed 20352K, reserved 425984K
}
Event: 396.101 GC heap before
{Heap before GC invocations=142 (full 0):
 garbage-first heap   total 373760K, used 321434K [0x0000000080000000, 0x0000000100000000)
  region size 1024K, 81 young (82944K), 10 survivors (10240K)
 Metaspace       used 147005K, committed 147904K, reserved 557056K
  class space    used 19916K, committed 20352K, reserved 425984K
}

Dll operation events (3 events):
Event: 0.044 Loaded shared library C:\Program Files\Android\Android Studio\jbr\bin\java.dll
Event: 0.677 Loaded shared library C:\Program Files\Android\Android Studio\jbr\bin\zip.dll
Event: 2.075 Loaded shared library C:\Program Files\Android\Android Studio\jbr\bin\verify.dll

Deoptimization events (20 events):
Event: 395.458 Thread 0x000001c338d76f60 Uncommon trap: trap_request=0xffffff6e fr.pc=0x000001c321a7dbf8 relative=0x0000000000007cd8
Event: 395.458 Thread 0x000001c338d76f60 Uncommon trap: reason=loop_limit_check action=maybe_recompile pc=0x000001c321a7dbf8 method=com.android.tools.r8.ir.regalloc.b.a(Lcom/android/tools/r8/internal/oz;Lcom/android/tools/r8/internal/oz;Lcom/android/tools/r8/internal/LY;)Lcom/android/tools/r8/in
Event: 395.458 Thread 0x000001c338d76f60 DEOPT PACKING pc=0x000001c321a7dbf8 sp=0x00000084539f91c0
Event: 395.458 Thread 0x000001c338d76f60 DEOPT UNPACKING pc=0x000001c3208d69a3 sp=0x00000084539f9158 mode 2
Event: 395.637 Thread 0x000001c3393eda90 DEOPT PACKING pc=0x000001c31c1aa994 sp=0x00000084543f8960
Event: 395.637 Thread 0x000001c3393eda90 DEOPT UNPACKING pc=0x000001c3208d7143 sp=0x00000084543f81f0 mode 0
Event: 395.776 Thread 0x000001c33a214640 DEOPT PACKING pc=0x000001c31c1aa994 sp=0x000000844c8f57b0
Event: 395.776 Thread 0x000001c33a214640 DEOPT UNPACKING pc=0x000001c3208d7143 sp=0x000000844c8f5040 mode 0
Event: 395.784 Thread 0x000001c3393eda90 DEOPT PACKING pc=0x000001c31b8633e5 sp=0x00000084543f9210
Event: 395.784 Thread 0x000001c3393eda90 DEOPT UNPACKING pc=0x000001c3208d7143 sp=0x00000084543f8b20 mode 0
Event: 395.899 Thread 0x000001c3393eda90 Uncommon trap: trap_request=0xffffffc6 fr.pc=0x000001c3219f7dec relative=0x0000000000005aec
Event: 395.899 Thread 0x000001c3393eda90 Uncommon trap: reason=bimorphic_or_optimized_type_check action=maybe_recompile pc=0x000001c3219f7dec method=com.android.tools.r8.ir.optimize.z.a()V @ 388 c2
Event: 395.899 Thread 0x000001c3393eda90 DEOPT PACKING pc=0x000001c3219f7dec sp=0x00000084543f95a0
Event: 395.899 Thread 0x000001c3393eda90 DEOPT UNPACKING pc=0x000001c3208d69a3 sp=0x00000084543f95a8 mode 2
Event: 395.938 Thread 0x000001c338d76f60 DEOPT PACKING pc=0x000001c31c1a9b42 sp=0x00000084539f8e70
Event: 395.938 Thread 0x000001c338d76f60 DEOPT UNPACKING pc=0x000001c3208d7143 sp=0x00000084539f86f8 mode 0
Event: 396.074 Thread 0x000001c3360ec5e0 DEOPT PACKING pc=0x000001c31c1aa994 sp=0x00000084540f8b60
Event: 396.074 Thread 0x000001c3360ec5e0 DEOPT UNPACKING pc=0x000001c3208d7143 sp=0x00000084540f83f0 mode 0
Event: 396.089 Thread 0x000001c338d76f60 DEOPT PACKING pc=0x000001c31b4abfb9 sp=0x00000084539f92d0
Event: 396.090 Thread 0x000001c338d76f60 DEOPT UNPACKING pc=0x000001c3208d7143 sp=0x00000084539f8888 mode 0

Classes unloaded (0 events):
No events

Classes redefined (0 events):
No events

Internal exceptions (20 events):
Event: 393.030 Thread 0x000001c3344730c0 Exception <a 'sun/nio/fs/WindowsException'{0x00000000943ec268}> (0x00000000943ec268) 
thrown [s\src\hotspot\share\prims\jni.cpp, line 517]
Event: 393.090 Thread 0x000001c338d76f60 Exception <a 'sun/nio/fs/WindowsException'{0x0000000094064600}> (0x0000000094064600) 
thrown [s\src\hotspot\share\prims\jni.cpp, line 517]
Event: 393.206 Thread 0x000001c3344730c0 Exception <a 'sun/nio/fs/WindowsException'{0x00000000932ac100}> (0x00000000932ac100) 
thrown [s\src\hotspot\share\prims\jni.cpp, line 517]
Event: 393.263 Thread 0x000001c3344730c0 Exception <a 'sun/nio/fs/WindowsException'{0x0000000092871208}> (0x0000000092871208) 
thrown [s\src\hotspot\share\prims\jni.cpp, line 517]
Event: 393.301 Thread 0x000001c3393eda90 Exception <a 'sun/nio/fs/WindowsException'{0x00000000930c1f00}> (0x00000000930c1f00) 
thrown [s\src\hotspot\share\prims\jni.cpp, line 517]
Event: 393.311 Thread 0x000001c338d76f60 Exception <a 'sun/nio/fs/WindowsException'{0x000000009284a3c0}> (0x000000009284a3c0) 
thrown [s\src\hotspot\share\prims\jni.cpp, line 517]
Event: 393.386 Thread 0x000001c3344730c0 Exception <a 'sun/nio/fs/WindowsException'{0x000000009216b990}> (0x000000009216b990) 
thrown [s\src\hotspot\share\prims\jni.cpp, line 517]
Event: 393.480 Thread 0x000001c33a214640 Exception <a 'sun/nio/fs/WindowsException'{0x00000000968dd8c8}> (0x00000000968dd8c8) 
thrown [s\src\hotspot\share\prims\jni.cpp, line 517]
Event: 393.691 Thread 0x000001c3393eda90 Exception <a 'sun/nio/fs/WindowsException'{0x00000000950ed890}> (0x00000000950ed890) 
thrown [s\src\hotspot\share\prims\jni.cpp, line 517]
Event: 393.913 Thread 0x000001c3393eda90 Exception <a 'sun/nio/fs/WindowsException'{0x0000000092a76318}> (0x0000000092a76318) 
thrown [s\src\hotspot\share\prims\jni.cpp, line 517]
Event: 394.041 Thread 0x000001c3344730c0 Exception <a 'sun/nio/fs/WindowsException'{0x0000000091aac3b0}> (0x0000000091aac3b0) 
thrown [s\src\hotspot\share\prims\jni.cpp, line 517]
Event: 394.214 Thread 0x000001c338d76f60 Exception <a 'sun/nio/fs/WindowsException'{0x0000000095e671e8}> (0x0000000095e671e8) 
thrown [s\src\hotspot\share\prims\jni.cpp, line 517]
Event: 394.261 Thread 0x000001c3393eda90 Exception <a 'sun/nio/fs/WindowsException'{0x00000000961e10b8}> (0x00000000961e10b8) 
thrown [s\src\hotspot\share\prims\jni.cpp, line 517]
Event: 394.470 Thread 0x000001c3344730c0 Exception <a 'sun/nio/fs/WindowsException'{0x0000000094eb9db8}> (0x0000000094eb9db8) 
thrown [s\src\hotspot\share\prims\jni.cpp, line 517]
Event: 395.026 Thread 0x000001c3344730c0 Exception <a 'sun/nio/fs/WindowsException'{0x0000000096c7b358}> (0x0000000096c7b358) 
thrown [s\src\hotspot\share\prims\jni.cpp, line 517]
Event: 395.436 Thread 0x000001c338d77470 Exception <a 'sun/nio/fs/WindowsException'{0x00000000937a1b18}> (0x00000000937a1b18) 
thrown [s\src\hotspot\share\prims\jni.cpp, line 517]
Event: 395.534 Thread 0x000001c3344730c0 Exception <a 'sun/nio/fs/WindowsException'{0x00000000926e2678}> (0x00000000926e2678) 
thrown [s\src\hotspot\share\prims\jni.cpp, line 517]
Event: 395.802 Thread 0x000001c33a218300 Exception <a 'sun/nio/fs/WindowsException'{0x0000000094f1ad10}> (0x0000000094f1ad10) 
thrown [s\src\hotspot\share\prims\jni.cpp, line 517]
Event: 395.833 Thread 0x000001c338d77470 Exception <a 'sun/nio/fs/WindowsException'{0x0000000094b8a048}> (0x0000000094b8a048) 
thrown [s\src\hotspot\share\prims\jni.cpp, line 517]
Event: 396.035 Thread 0x000001c33a218300 Exception <a 'sun/nio/fs/WindowsException'{0x0000000093266ef0}> (0x0000000093266ef0) 
thrown [s\src\hotspot\share\prims\jni.cpp, line 517]

VM Operations (20 events):
Event: 389.121 Executing VM operation: Cleanup done
Event: 390.128 Executing VM operation: Cleanup
Event: 390.172 Executing VM operation: Cleanup done
Event: 390.787 Executing VM operation: G1CollectForAllocation
Event: 391.282 Executing VM operation: G1CollectForAllocation done
Event: 392.018 Executing VM operation: HandshakeAllThreads
Event: 392.043 Executing VM operation: HandshakeAllThreads done
Event: 392.085 Executing VM operation: G1CollectForAllocation
Event: 392.148 Executing VM operation: G1CollectForAllocation done
Event: 392.693 Executing VM operation: G1CollectForAllocation
Event: 392.726 Executing VM operation: G1CollectForAllocation done
Event: 393.428 Executing VM operation: G1CollectForAllocation
Event: 393.465 Executing VM operation: G1CollectForAllocation done
Event: 394.054 Executing VM operation: G1CollectForAllocation
Event: 394.086 Executing VM operation: G1CollectForAllocation done
Event: 394.988 Executing VM operation: G1CollectForAllocation
Event: 395.035 Executing VM operation: G1CollectForAllocation done
Event: 395.567 Executing VM operation: G1CollectForAllocation
Event: 395.619 Executing VM operation: G1CollectForAllocation done
Event: 396.100 Executing VM operation: G1CollectForAllocation

Events (20 events):
Event: 379.891 Thread 0x000001c334093c30 flushing nmethod 0x000001c31bb2ff90
Event: 379.891 Thread 0x000001c334093c30 flushing nmethod 0x000001c31bb3e610
Event: 379.892 Thread 0x000001c334093c30 flushing nmethod 0x000001c31bb62390
Event: 379.892 Thread 0x000001c334093c30 flushing nmethod 0x000001c31bbc9810
Event: 379.893 Thread 0x000001c334093c30 flushing nmethod 0x000001c31bbcc490
Event: 379.894 Thread 0x000001c334093c30 flushing nmethod 0x000001c31bc36510
Event: 379.894 Thread 0x000001c334093c30 flushing nmethod 0x000001c31bc37510
Event: 379.895 Thread 0x000001c334093c30 flushing nmethod 0x000001c31bc73c10
Event: 379.896 Thread 0x000001c334093c30 flushing nmethod 0x000001c31bcdbe90
Event: 379.898 Thread 0x000001c334093c30 flushing nmethod 0x000001c31be05d10
Event: 379.899 Thread 0x000001c334093c30 flushing nmethod 0x000001c31be3c810
Event: 379.899 Thread 0x000001c334093c30 flushing nmethod 0x000001c31be6d910
Event: 379.903 Thread 0x000001c334093c30 flushing nmethod 0x000001c31bf67610
Event: 379.903 Thread 0x000001c334093c30 flushing nmethod 0x000001c31bfab790
Event: 379.904 Thread 0x000001c334093c30 flushing nmethod 0x000001c31bfbe690
Event: 379.904 Thread 0x000001c334093c30 flushing nmethod 0x000001c31bfc6010
Event: 379.904 Thread 0x000001c334093c30 flushing nmethod 0x000001c31c018890
Event: 379.905 Thread 0x000001c334093c30 flushing nmethod 0x000001c31c031710
Event: 379.905 Thread 0x000001c334093c30 flushing nmethod 0x000001c31c03c890
Event: 379.907 Thread 0x000001c334093c30 flushing nmethod 0x000001c31c13d790


Dynamic libraries:
0x00007ff6a8190000 - 0x00007ff6a819a000 	C:\Program Files\Android\Android Studio\jbr\bin\java.exe
0x00007ff95ec80000 - 0x00007ff95eee6000 	C:\WINDOWS\SYSTEM32\ntdll.dll
0x00007ff95d130000 - 0x00007ff95d1f9000 	C:\WINDOWS\System32\KERNEL32.DLL
0x00007ff95c0b0000 - 0x00007ff95c4af000 	C:\WINDOWS\System32\KERNELBASE.dll
0x00007ff95c720000 - 0x00007ff95c86c000 	C:\WINDOWS\System32\ucrtbase.dll
0x00007ff93d910000 - 0x00007ff93d927000 	C:\Program Files\Android\Android Studio\jbr\bin\jli.dll
0x00007ff9423d0000 - 0x00007ff9423eb000 	C:\Program Files\Android\Android Studio\jbr\bin\VCRUNTIME140.dll
0x00007ff95c9b0000 - 0x00007ff95cb76000 	C:\WINDOWS\System32\USER32.dll
0x00007ff9493b0000 - 0x00007ff949641000 	C:\WINDOWS\WinSxS\amd64_microsoft.windows.common-controls_6595b64144ccf1df_6.0.26100.8972_none_3e0da176e32f9d4b\COMCTL32.dll
0x00007ff95cff0000 - 0x00007ff95d099000 	C:\WINDOWS\System32\msvcrt.dll
0x00007ff95db60000 - 0x00007ff95db8b000 	C:\WINDOWS\System32\GDI32.dll
0x00007ff95c630000 - 0x00007ff95c657000 	C:\WINDOWS\System32\win32u.dll
0x00007ff95c880000 - 0x00007ff95c9a9000 	C:\WINDOWS\System32\gdi32full.dll
0x00007ff95c580000 - 0x00007ff95c623000 	C:\WINDOWS\System32\msvcp_win.dll
0x00007ff95d5b0000 - 0x00007ff95d5e2000 	C:\WINDOWS\System32\IMM32.DLL
0x00007ff956c20000 - 0x00007ff956c2c000 	C:\Program Files\Android\Android Studio\jbr\bin\vcruntime140_1.dll
0x00007ff93adf0000 - 0x00007ff93ae7d000 	C:\Program Files\Android\Android Studio\jbr\bin\msvcp140.dll
0x00007ff889b80000 - 0x00007ff88a803000 	C:\Program Files\Android\Android Studio\jbr\bin\server\jvm.dll
0x00007ff95cd80000 - 0x00007ff95ce3c000 	C:\WINDOWS\System32\ADVAPI32.dll
0x00007ff95dc90000 - 0x00007ff95dd3a000 	C:\WINDOWS\System32\sechost.dll
0x00007ff95cbd0000 - 0x00007ff95cce8000 	C:\WINDOWS\System32\RPCRT4.dll
0x00007ff95bd10000 - 0x00007ff95bd6e000 	C:\WINDOWS\SYSTEM32\POWRPROF.dll
0x00007ff945560000 - 0x00007ff94556a000 	C:\WINDOWS\SYSTEM32\WSOCK32.dll
0x00007ff95ccf0000 - 0x00007ff95cd72000 	C:\WINDOWS\System32\WS2_32.dll
0x00007ff954a80000 - 0x00007ff954ab6000 	C:\WINDOWS\SYSTEM32\WINMM.dll
0x00007ff954ac0000 - 0x00007ff954acb000 	C:\WINDOWS\SYSTEM32\VERSION.dll
0x00007ff95bcd0000 - 0x00007ff95bce5000 	C:\WINDOWS\SYSTEM32\UMPDC.dll
0x00007ff95ab80000 - 0x00007ff95ab9b000 	C:\WINDOWS\SYSTEM32\kernel.appcore.dll
0x00007ff956bb0000 - 0x00007ff956bba000 	C:\Program Files\Android\Android Studio\jbr\bin\jimage.dll
0x00007ff951900000 - 0x00007ff951b42000 	C:\WINDOWS\SYSTEM32\DBGHELP.DLL
0x00007ff95d200000 - 0x00007ff95d585000 	C:\WINDOWS\System32\combase.dll
0x00007ff95d5f0000 - 0x00007ff95d6c9000 	C:\WINDOWS\System32\OLEAUT32.dll
0x00007ff93c710000 - 0x00007ff93c74b000 	C:\WINDOWS\SYSTEM32\dbgcore.DLL
0x00007ff95c660000 - 0x00007ff95c70c000 	C:\WINDOWS\System32\bcryptPrimitives.dll
0x00007ff944c20000 - 0x00007ff944c2e000 	C:\Program Files\Android\Android Studio\jbr\bin\instrument.dll
0x00007ff93d8e0000 - 0x00007ff93d905000 	C:\Program Files\Android\Android Studio\jbr\bin\java.dll
0x00007ff93cf30000 - 0x00007ff93cf48000 	C:\Program Files\Android\Android Studio\jbr\bin\zip.dll
0x00007ff95e310000 - 0x00007ff95ea98000 	C:\WINDOWS\System32\SHELL32.dll
0x00007ff959930000 - 0x00007ff95a1cb000 	C:\WINDOWS\SYSTEM32\windows.storage.dll
0x00007ff95de60000 - 0x00007ff95df59000 	C:\WINDOWS\System32\SHCORE.dll
0x00007ff95df60000 - 0x00007ff95dfc6000 	C:\WINDOWS\System32\shlwapi.dll
0x00007ff95bdb0000 - 0x00007ff95bdd9000 	C:\WINDOWS\SYSTEM32\profapi.dll
0x00007ff93ca20000 - 0x00007ff93ca39000 	C:\Program Files\Android\Android Studio\jbr\bin\net.dll
0x00007ff952750000 - 0x00007ff952878000 	C:\WINDOWS\SYSTEM32\WINHTTP.dll
0x00007ff95b130000 - 0x00007ff95b19c000 	C:\WINDOWS\system32\mswsock.dll
0x00007ff93ca00000 - 0x00007ff93ca16000 	C:\Program Files\Android\Android Studio\jbr\bin\nio.dll
0x00007ff94f670000 - 0x00007ff94f680000 	C:\Program Files\Android\Android Studio\jbr\bin\verify.dll
0x00007ff93c9d0000 - 0x00007ff93c9f7000 	C:\Users\acer\.gradle\native\c067742578af261105cb4f569cf0c3c89f3d7b1fecec35dd04571415982c5e48\windows-amd64\native-platform.dll
0x00007ff93aa40000 - 0x00007ff93ab84000 	C:\Users\acer\.gradle\native\38dada09dfb8b06ba9b0570ebf7e218e3eb74d4ef43ca46872605cf95ebc2f47\windows-amd64\native-platform-file-events.dll
0x00007ff94bbf0000 - 0x00007ff94bbf9000 	C:\Program Files\Android\Android Studio\jbr\bin\management.dll
0x00007ff9461b0000 - 0x00007ff9461bb000 	C:\Program Files\Android\Android Studio\jbr\bin\management_ext.dll
0x00007ff95cfe0000 - 0x00007ff95cfe8000 	C:\WINDOWS\System32\PSAPI.DLL
0x00007ff95b420000 - 0x00007ff95b43b000 	C:\WINDOWS\SYSTEM32\CRYPTSP.dll
0x00007ff95aae0000 - 0x00007ff95ab19000 	C:\WINDOWS\system32\rsaenh.dll
0x00007ff95b1e0000 - 0x00007ff95b212000 	C:\WINDOWS\SYSTEM32\USERENV.dll
0x00007ff95bd80000 - 0x00007ff95bdaa000 	C:\WINDOWS\SYSTEM32\bcrypt.dll
0x00007ff95b440000 - 0x00007ff95b44c000 	C:\WINDOWS\SYSTEM32\CRYPTBASE.dll
0x00007ff95a510000 - 0x00007ff95a543000 	C:\WINDOWS\SYSTEM32\IPHLPAPI.DLL
0x00007ff95ce50000 - 0x00007ff95ce5a000 	C:\WINDOWS\System32\NSI.dll
0x00007ff952720000 - 0x00007ff95273d000 	C:\WINDOWS\SYSTEM32\dhcpcsvc6.DLL
0x00007ff9526f0000 - 0x00007ff952715000 	C:\WINDOWS\SYSTEM32\dhcpcsvc.DLL
0x00007ff95a5a0000 - 0x00007ff95a6f8000 	C:\WINDOWS\SYSTEM32\DNSAPI.dll
0x00007ff95af10000 - 0x00007ff95af1d000 	C:\WINDOWS\SYSTEM32\DSPARSE.dll
0x00007ff9444c0000 - 0x00007ff9444c9000 	C:\Program Files\Android\Android Studio\jbr\bin\extnet.dll
0x00007ff927790000 - 0x00007ff927798000 	C:\WINDOWS\system32\wshunix.dll
0x00007ff951d20000 - 0x00007ff951d2b000 	C:\Windows\System32\rasadhlp.dll
0x00007ff951570000 - 0x00007ff9515f6000 	C:\WINDOWS\System32\fwpuclnt.dll
0x00007ff925000000 - 0x00007ff925018000 	C:\WINDOWS\system32\napinsp.dll
0x00007ff925020000 - 0x00007ff925033000 	C:\WINDOWS\System32\winrnr.dll
0x00007ff925040000 - 0x00007ff925062000 	C:\WINDOWS\system32\nlansp_c.dll
0x00007ff92f090000 - 0x00007ff92f0a6000 	C:\WINDOWS\system32\wshbth.dll
0x00007ff95acb0000 - 0x00007ff95ace6000 	C:\WINDOWS\SYSTEM32\ntmarta.dll

dbghelp: loaded successfully - version: 4.0.5 - missing functions: none
symbol engine: initialized successfully - sym options: 0x614 - pdb path: .;C:\Program Files\Android\Android Studio\jbr\bin;C:\WINDOWS\SYSTEM32;C:\WINDOWS\WinSxS\amd64_microsoft.windows.common-controls_6595b64144ccf1df_6.0.26100.8972_none_3e0da176e32f9d4b;C:\Program Files\Android\Android Studio\jbr\bin\server;C:\Users\acer\.gradle\native\c067742578af261105cb4f569cf0c3c89f3d7b1fecec35dd04571415982c5e48\windows-amd64;C:\Users\acer\.gradle\native\38dada09dfb8b06ba9b0570ebf7e218e3eb74d4ef43ca46872605cf95ebc2f47\windows-amd64

VM Arguments:
jvm_args: -XX:MaxMetaspaceSize=512m --add-opens=java.base/java.util=ALL-UNNAMED --add-opens=java.base/java.lang=ALL-UNNAMED --add-opens=java.base/java.lang.invoke=ALL-UNNAMED --add-opens=java.prefs/java.util.prefs=ALL-UNNAMED --add-opens=java.base/java.nio.charset=ALL-UNNAMED --add-opens=java.base/java.net=ALL-UNNAMED --add-opens=java.base/java.util.concurrent.atomic=ALL-UNNAMED -Xmx2048m -Dfile.encoding=windows-1252 -Duser.country=US -Duser.language=en -Duser.variant -javaagent:C:\Users\acer\.gradle\wrapper\dists\gradle-8.7-bin\bhs2wmbdwecv87pi65oeuq5iu\gradle-8.7\lib\agents\gradle-instrumentation-agent-8.7.jar 
java_command: org.gradle.launcher.daemon.bootstrap.GradleDaemon 8.7
java_class_path (initial): C:\Users\acer\.gradle\wrapper\dists\gradle-8.7-bin\bhs2wmbdwecv87pi65oeuq5iu\gradle-8.7\lib\gradle-launcher-8.7.jar
Launcher Type: SUN_STANDARD

[Global flags]
     intx CICompilerCount                          = 4                                         {product} {ergonomic}
   size_t CompressedClassSpaceSize                 = 436207616                                 {product} {ergonomic}
     uint ConcGCThreads                            = 2                                         {product} {ergonomic}
     uint G1ConcRefinementThreads                  = 8                                         {product} {ergonomic}
   size_t G1HeapRegionSize                         = 1048576                                   {product} {ergonomic}
    uintx GCDrainStackTargetSize                   = 64                                        {product} {ergonomic}
   size_t InitialHeapSize                          = 100663296                                 {product} {ergonomic}
   size_t MarkStackSize                            = 4194304                                   {product} {ergonomic}
   size_t MaxHeapSize                              = 2147483648                                {product} {command line}
   size_t MaxMetaspaceSize                         = 536870912                                 {product} {command line}
   size_t MaxNewSize                               = 1287651328                                {product} {ergonomic}
   size_t MinHeapDeltaBytes                        = 1048576                                   {product} {ergonomic}
   size_t MinHeapSize                              = 8388608                                   {product} {ergonomic}
    uintx NonNMethodCodeHeapSize                   = 5839372                                {pd product} {ergonomic}
    uintx NonProfiledCodeHeapSize                  = 122909434                              {pd product} {ergonomic}
    uintx ProfiledCodeHeapSize                     = 122909434                              {pd product} {ergonomic}
    uintx ReservedCodeCacheSize                    = 251658240                              {pd product} {ergonomic}
     bool SegmentedCodeCache                       = true                                      {product} {ergonomic}
   size_t SoftMaxHeapSize                          = 2147483648                             {manageable} {ergonomic}
     bool UseCompressedClassPointers               = true                           {product lp64_product} {ergonomic}
     bool UseCompressedOops                        = true                           {product lp64_product} {ergonomic}
     bool UseG1GC                                  = true                                      {product} {ergonomic}
     bool UseLargePagesIndividualAllocation        = false                                  {pd product} {ergonomic}

Logging:
Log output configuration:
 #0: stdout all=warning uptime,level,tags
 #1: stderr all=off uptime,level,tags

Environment Variables:
JAVA_HOME=C:\Program Files\Android\Android Studio\jbr
PATH=c:\Users\acer\AppData\Roaming\Code\User\globalStorage\github.copilot-chat\debugCommand;c:\Users\acer\AppData\Roaming\Code\User\globalStorage\github.copilot-chat\copilotCli;C:\Program Files (x86)\Common Files\Oracle\Java\java8path;C:\Program Files (x86)\Common Files\Oracle\Java\javapath;C:\Python312\Scripts\;C:\Python312\;C:\WINDOWS\system32;C:\WINDOWS;C:\WINDOWS\System32\Wbem;C:\WINDOWS\System32\WindowsPowerShell\v1.0\;C:\WINDOWS\System32\OpenSSH\;C:\Program Files\Microsoft SQL Server\150\Tools\Binn\;C:\ProgramData\chocolatey\bin;C:\Program Files\Git\cmd;C:\Program Files\GitHub CLI\;C:\Program Files\nodejs\;C:\Program Files (x86)\cloudflared\;d:\cursor\resources\app\codeBin;C:\Users\acer\.local\bin;C:\Users\acer\AppData\Local\Microsoft\WindowsApps;C:\Users\acer\AppData\Local\Programs\Microsoft VS Code\bin;C:\Users\acer\AppData\Local\Programs\Antigravity IDE\bin;D:\cursor\resources\app\bin;C:\Users\acer\AppData\Roaming\npm
USERNAME=acer
LANG=en_US.UTF-8
OS=Windows_NT
PROCESSOR_IDENTIFIER=AMD64 Family 23 Model 24 Stepping 1, AuthenticAMD
TMP=C:\Users\acer\AppData\Local\Temp
TEMP=C:\Users\acer\AppData\Local\Temp



Periodic native trim disabled

JNI global refs:
JNI global refs: 29, weak refs: 274

JNI global refs memory usage: 843, weak refs: 3369

OOME stack traces (most recent first):
Classloader memory used:
Loader org.gradle.internal.classloader.VisitableURLClassLoader$InstrumentingVisitableURLClassLoader: 7397K
Loader org.gradle.internal.classloader.VisitableURLClassLoader                         : 4887K
Loader bootstrap                                                                       : 4256K
Loader org.gradle.initialization.MixInLegacyTypesClassLoader                           : 1567K
Loader jdk.internal.reflect.DelegatingClassLoader                                      : 116K
Loader jdk.internal.loader.ClassLoaders$PlatformClassLoader                            : 103K
Loader jdk.internal.loader.ClassLoaders$AppClassLoader                                 : 28754B
Loader org.gradle.groovy.scripts.internal.DefaultScriptCompilationHandler$ScriptClassLoader: 17669B
Loader org.codehaus.groovy.runtime.callsite.CallSiteClassLoader                        : 1520B

Classes loaded by more than one classloader:
Class org.gradle.internal.installation.GradleInstallation                             : loaded 2 times (x 73B)
Class org.apache.http.message.BasicHeader                                             : loaded 2 times (x 80B)
Class [Lcom.google.common.collect.MapMakerInternalMap$Segment;                        : loaded 2 times (x 67B)
Class com.google.common.collect.UsingToStringOrdering                                 : loaded 2 times (x 112B)
Class com.google.common.collect.Iterators$MergingIterator                             : loaded 2 times (x 79B)
Class com.google.common.io.Closer$SuppressingSuppressor                               : loaded 2 times (x 73B)
Class org.objectweb.asm.ModuleVisitor                                                 : loaded 2 times (x 79B)
Class com.google.common.io.ByteSource                                                 : loaded 2 times (x 82B)
Class com.google.common.collect.Maps$IteratorBasedAbstractMap$1                       : loaded 2 times (x 136B)
Class [Lcom.google.common.collect.AbstractMapEntry;                                   : loaded 2 times (x 67B)
Class com.google.common.io.AppendableWriter                                           : loaded 2 times (x 98B)
Class com.google.common.collect.ImmutableRangeSet$AsSet                               : loaded 2 times (x 233B)
Class com.google.common.collect.SingletonImmutableList                                : loaded 2 times (x 167B)
Class com.google.common.cache.CacheLoader$SupplierToCacheLoader                       : loaded 2 times (x 73B)
Class org.gradle.internal.classpath.ClassPath                                         : loaded 2 times (x 68B)
Class com.google.common.io.FileWriteMode                                              : loaded 2 times (x 77B)
Class com.google.common.cache.RemovalListener                                         : loaded 2 times (x 68B)
Class org.gradle.api.internal.classpath.DefaultModuleRegistry                         : loaded 2 times (x 84B)
Class com.google.common.collect.ImmutableEnumSet                                      : loaded 2 times (x 144B)
Class [Lcom.google.common.collect.MapMaker$Dummy;                                     : loaded 2 times (x 67B)
Class com.google.common.collect.ListMultimap                                          : loaded 2 times (x 68B)
Class com.google.common.base.CharMatcher$JavaDigit                                    : loaded 2 times (x 109B)
Class com.google.common.base.CharMatcher$Digit                                        : loaded 2 times (x 110B)
Class com.google.common.collect.AbstractMultimap                                      : loaded 2 times (x 121B)
Class com.google.common.collect.ForwardingSet                                         : loaded 2 times (x 149B)
Class com.google.common.cache.CacheBuilder$OneWeigher                                 : loaded 2 times (x 80B)
Class org.gradle.api.Action                                                           : loaded 2 times (x 68B)
Class com.google.common.io.ByteArrayDataOutput                                        : loaded 2 times (x 68B)
Class com.google.common.collect.ImmutableEntry                                        : loaded 2 times (x 80B)
Class com.google.common.collect.Lists$StringAsImmutableList                           : loaded 2 times (x 167B)
Class com.google.common.cache.LocalCache$StrongEntry                                  : loaded 2 times (x 106B)
Class com.google.common.collect.MapMakerInternalMap$InternalEntryHelper               : loaded 2 times (x 68B)
Class org.objectweb.asm.FieldWriter                                                   : loaded 2 times (x 76B)
Class com.google.common.base.CharMatcher                                              : loaded 2 times (x 109B)
Class com.google.common.base.CharMatcher$IsNot                                        : loaded 2 times (x 109B)
Class com.google.common.collect.RegularImmutableSortedSet                             : loaded 2 times (x 233B)
Class com.google.common.collect.Maps$IteratorBasedAbstractMap                         : loaded 2 times (x 123B)
Class com.google.common.collect.SetMultimap                                           : loaded 2 times (x 68B)
Class com.google.common.base.Splitter                                                 : loaded 2 times (x 70B)
Class [Lcom.google.common.cache.Weigher;                                              : loaded 2 times (x 67B)
Class com.google.common.collect.Iterators$ArrayItr                                    : loaded 2 times (x 95B)
Class com.google.common.collect.MapMakerInternalMap$Strength                          : loaded 2 times (x 78B)
Class com.google.common.cache.LocalCache$Segment                                      : loaded 2 times (x 152B)
Class org.gradle.api.internal.DefaultClassPathProvider                                : loaded 2 times (x 74B)
Class org.gradle.internal.installation.GradleInstallation$1                           : loaded 2 times (x 73B)
Class com.google.common.cache.LocalCache$AbstractReferenceEntry                       : loaded 2 times (x 105B)
Class org.objectweb.asm.Type                                                          : loaded 2 times (x 70B)
Class com.google.common.util.concurrent.AbstractFuture$Failure                        : loaded 2 times (x 70B)
Class com.google.common.base.CharMatcher$BitSetMatcher                                : loaded 2 times (x 110B)
Class com.google.common.collect.ImmutableMap$IteratorBasedImmutableMap                : loaded 2 times (x 123B)
Class com.google.common.io.Files$FileByteSource                                       : loaded 2 times (x 83B)
Class com.google.common.collect.ImmutableMap                                          : loaded 2 times (x 118B)
Class com.google.common.base.Converter                                                : loaded 2 times (x 88B)
Class com.google.common.collect.ImmutableSortedSetFauxverideShim                      : loaded 2 times (x 145B)
Class com.google.common.collect.ImmutableSet$EmptySetBuilderImpl                      : loaded 2 times (x 74B)
Class com.google.common.base.Equivalence                                              : loaded 2 times (x 80B)
Class com.google.common.primitives.Ints                                               : loaded 2 times (x 69B)
Class com.google.common.cache.LocalCache$EntryFactory$1                               : loaded 2 times (x 81B)
Class com.google.gson.stream.JsonReader$1                                             : loaded 2 times (x 70B)
Class com.google.common.cache.LocalCache$EntryFactory$2                               : loaded 2 times (x 81B)
Class com.google.common.cache.LocalCache$EntryFactory$3                               : loaded 2 times (x 81B)
Class com.google.common.cache.LocalCache$EntryFactory$4                               : loaded 2 times (x 81B)
Class com.google.common.cache.LocalCache$EntryFactory$5                               : loaded 2 times (x 81B)
Class com.google.common.cache.LocalCache$EntryFactory$6                               : loaded 2 times (x 81B)
Class com.google.common.cache.LocalCache$EntryFactory$7                               : loaded 2 times (x 81B)
Class com.google.common.cache.LocalCache$EntryFactory$8                               : loaded 2 times (x 81B)
Class com.google.common.base.Predicate                                                : loaded 2 times (x 68B)
Class com.google.common.cache.LocalCache$StrongValueReference                         : loaded 2 times (x 88B)
Class org.gradle.internal.classloader.FilteringClassLoader                            : loaded 2 times (x 103B)
Class com.google.common.collect.AbstractMapBasedMultimap$WrappedCollection            : loaded 2 times (x 122B)
Class com.google.common.collect.RegularImmutableSet                                   : loaded 2 times (x 146B)
Class [Lcom.google.common.cache.LocalCache$Strength;                                  : loaded 2 times (x 67B)
Class org.gradle.internal.classpath.DefaultClassPath$ImmutableUniqueList$Builder      : loaded 2 times (x 73B)
Class com.google.common.collect.AbstractRangeSet                                      : loaded 2 times (x 112B)
Class com.google.common.collect.ExplicitOrdering                                      : loaded 2 times (x 113B)
Class com.google.common.collect.SortedSetMultimap                                     : loaded 2 times (x 68B)
Class com.google.common.collect.Maps$8                                                : loaded 2 times (x 80B)
Class [Lcom.google.common.cache.CacheBuilder$NullListener;                            : loaded 2 times (x 67B)
Class com.google.common.base.PatternCompiler                                          : loaded 2 times (x 68B)
Class com.google.common.io.CharStreams$NullWriter                                     : loaded 2 times (x 97B)
Class com.google.common.base.CharMatcher$InRange                                      : loaded 2 times (x 109B)
Class com.google.common.collect.HashMultimap                                          : loaded 2 times (x 172B)
Class com.google.common.collect.Maps$KeySet                                           : loaded 2 times (x 135B)
Class com.google.common.collect.ImmutableMultimap$EntryCollection                     : loaded 2 times (x 125B)
Class com.google.common.collect.Sets$SetView                                          : loaded 2 times (x 136B)
Class com.google.common.collect.BiMap                                                 : loaded 2 times (x 68B)
Class com.google.common.collect.Lists                                                 : loaded 2 times (x 69B)
Class org.objectweb.asm.AnnotationWriter                                              : loaded 2 times (x 77B)
Class com.google.common.math.IntMath$1                                                : loaded 2 times (x 69B)
Class org.gradle.internal.classloader.ClassLoaderVisitor                              : loaded 2 times (x 74B)
Class org.objectweb.asm.Label                                                         : loaded 2 times (x 71B)
Class com.google.common.cache.CacheBuilder$NullListener                               : loaded 2 times (x 80B)
Class com.google.common.collect.ImmutableMultimap                                     : loaded 2 times (x 145B)
Class com.google.common.math.MathPreconditions                                        : loaded 2 times (x 69B)
Class com.google.common.io.ByteStreams$1                                              : loaded 2 times (x 83B)
Class org.apache.http.NameValuePair                                                   : loaded 2 times (x 68B)
Class org.gradle.internal.service.DefaultServiceLocator                               : loaded 2 times (x 81B)
Class org.gradle.internal.service.UnknownServiceException                             : loaded 2 times (x 81B)
Class com.google.common.util.concurrent.AbstractFuture$SynchronizedHelper             : loaded 2 times (x 76B)
Class com.google.common.collect.ArrayListMultimap                                     : loaded 2 times (x 170B)
Class com.google.common.base.Strings                                                  : loaded 2 times (x 69B)
Class com.google.common.collect.HashMultimapGwtSerializationDependencies              : loaded 2 times (x 172B)
Class com.google.common.io.Closer                                                     : loaded 2 times (x 76B)
Class com.google.common.cache.CacheLoader$InvalidCacheLoadException                   : loaded 2 times (x 80B)
Class org.gradle.internal.classloader.DefaultClassLoaderFactory                       : loaded 2 times (x 80B)
Class com.google.common.collect.UnmodifiableIterator                                  : loaded 2 times (x 78B)
Class com.google.common.base.Stopwatch                                                : loaded 2 times (x 70B)
Class com.google.common.base.Platform$JdkPatternCompiler                              : loaded 2 times (x 73B)
Class com.google.common.collect.Interners$InternerImpl                                : loaded 2 times (x 73B)
Class com.google.common.cache.LocalCache$LoadingValueReference                        : loaded 2 times (x 94B)
Class com.google.common.base.CharMatcher$SingleWidth                                  : loaded 2 times (x 110B)
Class com.google.common.collect.Hashing                                               : loaded 2 times (x 69B)
Class com.google.common.io.ByteStreams$LimitedInputStream                             : loaded 2 times (x 90B)
Class com.google.common.collect.NullsFirstOrdering                                    : loaded 2 times (x 113B)
Class com.google.common.collect.MapMakerInternalMap$AbstractStrongKeyEntry            : loaded 2 times (x 78B)
Class com.google.common.collect.ImmutableRangeSet$ComplementRanges                    : loaded 2 times (x 167B)
Class org.objectweb.asm.Context                                                       : loaded 2 times (x 70B)
Class com.google.common.collect.NaturalOrdering                                       : loaded 2 times (x 113B)
Class com.google.common.base.JdkPattern                                               : loaded 2 times (x 73B)
Class com.google.common.base.Optional                                                 : loaded 2 times (x 78B)
Class com.google.common.collect.ByFunctionOrdering                                    : loaded 2 times (x 113B)
Class com.google.common.collect.Multimap                                              : loaded 2 times (x 68B)
Class com.google.common.base.FunctionalEquivalence                                    : loaded 2 times (x 81B)
Class org.objectweb.asm.AnnotationVisitor                                             : loaded 2 times (x 76B)
Class org.objectweb.asm.RecordComponentWriter                                         : loaded 2 times (x 76B)
Class com.google.common.cache.LocalCache$1                                            : loaded 2 times (x 87B)
Class com.google.common.cache.LocalCache$2                                            : loaded 2 times (x 140B)
Class [Lorg.apache.http.HeaderElement;                                                : loaded 2 times (x 67B)
Class com.google.common.collect.RegularImmutableBiMap                                 : loaded 2 times (x 146B)
Class org.gradle.internal.classloader.VisitableURLClassLoader$Spec                    : loaded 2 times (x 72B)
Class org.gradle.api.GradleException                                                  : loaded 2 times (x 80B)
Class com.google.common.base.CharMatcher$JavaLetterOrDigit                            : loaded 2 times (x 109B)
Class org.gradle.api.internal.classpath.ModuleRegistry                                : loaded 2 times (x 68B)
Class com.google.common.collect.ForwardingObject                                      : loaded 2 times (x 70B)
Class com.google.common.collect.CompoundOrdering                                      : loaded 2 times (x 113B)
Class com.google.common.cache.CacheBuilder                                            : loaded 2 times (x 70B)
Class org.objectweb.asm.ByteVector                                                    : loaded 2 times (x 77B)
Class com.google.common.collect.ImmutableCollection                                   : loaded 2 times (x 123B)
Class com.google.common.collect.ImmutableRangeSet                                     : loaded 2 times (x 113B)
Class com.google.common.base.PairwiseEquivalence                                      : loaded 2 times (x 81B)
Class com.google.common.base.Ticker                                                   : loaded 2 times (x 70B)
Class org.gradle.api.internal.ClassPathProvider                                       : loaded 2 times (x 68B)
Class com.google.common.base.Ascii                                                    : loaded 2 times (x 69B)
Class com.google.common.collect.RegularImmutableMap$Values                            : loaded 2 times (x 167B)
Class org.objectweb.asm.ModuleWriter                                                  : loaded 2 times (x 80B)
Class org.gradle.internal.classloader.ClasspathUtil$1                                 : loaded 2 times (x 74B)
Class com.google.common.collect.ImmutableEnumMap                                      : loaded 2 times (x 123B)
Class build_6k74g4dnmu6w321qrkgzc0y4o                                                 : loaded 2 times (x 178B)
Class [Lorg.apache.http.NameValuePair;                                                : loaded 2 times (x 67B)
Class com.google.common.collect.ImmutableList$ReverseImmutableList                    : loaded 2 times (x 168B)
Class com.google.common.cache.AbstractCache$StatsCounter                              : loaded 2 times (x 68B)
Class org.objectweb.asm.FieldVisitor                                                  : loaded 2 times (x 75B)
Class org.objectweb.asm.Symbol                                                        : loaded 2 times (x 71B)
Class com.google.common.collect.Ordering                                              : loaded 2 times (x 112B)
Class com.google.common.cache.LocalCache$Strength$1                                   : loaded 2 times (x 79B)
Class com.google.common.collect.EmptyImmutableListMultimap                            : loaded 2 times (x 174B)
Class com.google.common.cache.LocalCache$Strength$2                                   : loaded 2 times (x 79B)
Class com.google.common.cache.LocalCache$Strength$3                                   : loaded 2 times (x 79B)
Class org.gradle.internal.classloader.ClassLoaderFactory                              : loaded 2 times (x 68B)
Class com.google.common.collect.ObjectArrays                                          : loaded 2 times (x 69B)
Class com.google.common.util.concurrent.AbstractFuture$Waiter                         : loaded 2 times (x 70B)
Class com.google.common.util.concurrent.Uninterruptibles                              : loaded 2 times (x 69B)
Class com.google.common.collect.Iterators$10                                          : loaded 2 times (x 79B)
Class com.google.common.collect.Iterators$EmptyModifiableIterator                     : loaded 2 times (x 84B)
Class com.google.common.collect.ImmutableList                                         : loaded 2 times (x 166B)
Class org.gradle.api.internal.classpath.ManifestUtil                                  : loaded 2 times (x 69B)
Class org.gradle.api.specs.Spec                                                       : loaded 2 times (x 68B)
Class com.google.common.collect.RangeSet                                              : loaded 2 times (x 68B)
Class com.google.common.cache.CacheLoader$UnsupportedLoadingOperationException        : loaded 2 times (x 80B)
Class com.google.common.base.CharMatcher$Whitespace                                   : loaded 2 times (x 110B)
Class com.google.common.util.concurrent.ListenableFuture                              : loaded 2 times (x 68B)
Class com.google.common.collect.MapMaker$Dummy                                        : loaded 2 times (x 77B)
Class com.google.common.collect.Iterators$1                                           : loaded 2 times (x 79B)
Class com.google.common.collect.BaseImmutableMultimap                                 : loaded 2 times (x 121B)
Class com.google.common.collect.Iterators$4                                           : loaded 2 times (x 80B)
Class com.google.common.collect.RegularImmutableMap$BucketOverflowException           : loaded 2 times (x 80B)
Class com.google.common.collect.Iterators$5                                           : loaded 2 times (x 80B)
Class com.google.common.util.concurrent.AbstractFuture$UnsafeAtomicHelper             : loaded 2 times (x 76B)
Class com.google.common.base.Joiner                                                   : loaded 2 times (x 77B)
Class com.google.common.base.Equivalence$Equals                                       : loaded 2 times (x 80B)
Class com.google.common.base.Preconditions                                            : loaded 2 times (x 69B)
Class com.google.common.base.Function                                                 : loaded 2 times (x 68B)
Class com.google.common.collect.Iterators$9                                           : loaded 2 times (x 79B)
Class org.gradle.internal.IoActions                                                   : loaded 2 times (x 69B)
Class com.google.common.collect.MapMakerInternalMap$StrongKeyDummyValueEntry$Helper   : loaded 2 times (x 77B)
Class com.google.common.collect.AllEqualOrdering                                      : loaded 2 times (x 112B)
Class com.google.common.collect.ComparatorOrdering                                    : loaded 2 times (x 113B)
Class com.google.common.cache.ReferenceEntry                                          : loaded 2 times (x 68B)
Class com.google.common.collect.RegularImmutableMap$KeySet                            : loaded 2 times (x 148B)
Class com.google.common.collect.CollectPreconditions                                  : loaded 2 times (x 69B)
Class com.google.common.collect.LexicographicalOrdering                               : loaded 2 times (x 113B)
Class com.google.common.primitives.IntsMethodsForWeb                                  : loaded 2 times (x 69B)
Class com.google.common.collect.RangeGwtSerializationDependencies                     : loaded 2 times (x 69B)
Class com.google.common.collect.Maps                                                  : loaded 2 times (x 69B)
Class com.google.common.collect.RegularImmutableMap                                   : loaded 2 times (x 119B)
Class com.google.common.collect.AbstractIndexedListIterator                           : loaded 2 times (x 94B)
Class com.google.common.collect.ImmutableMultimap$Builder                             : loaded 2 times (x 81B)
Class org.apache.http.Header                                                          : loaded 2 times (x 68B)
Class com.google.common.base.CharMatcher$None                                         : loaded 2 times (x 110B)
Class [Lorg.objectweb.asm.Attribute;                                                  : loaded 2 times (x 67B)
Class org.gradle.api.internal.classpath.EffectiveClassPath                            : loaded 2 times (x 88B)
Class com.google.common.collect.UnmodifiableListIterator                              : loaded 2 times (x 93B)
Class com.google.common.io.Files                                                      : loaded 2 times (x 69B)
Class com.google.common.cache.CacheLoader$FunctionToCacheLoader                       : loaded 2 times (x 73B)
Class com.google.common.cache.CacheBuilder$1                                          : loaded 2 times (x 83B)
Class com.google.common.cache.CacheBuilder$2                                          : loaded 2 times (x 70B)
Class com.google.common.collect.ImmutableList$1                                       : loaded 2 times (x 95B)
Class com.google.common.base.Splitter$Strategy                                        : loaded 2 times (x 68B)
Class com.google.common.io.CharStreams                                                : loaded 2 times (x 69B)
Class com.google.common.collect.ImmutableMapEntrySet$RegularEntrySet                  : loaded 2 times (x 149B)
Class [Lcom.google.common.cache.RemovalListener;                                      : loaded 2 times (x 67B)
Class [Lcom.google.common.collect.ImmutableMapEntry;                                  : loaded 2 times (x 67B)
Class com.google.common.collect.Interners                                             : loaded 2 times (x 69B)
Class com.google.common.collect.MapMakerInternalMap$Strength$1                        : loaded 2 times (x 78B)
Class org.gradle.internal.installation.CurrentGradleInstallation                      : loaded 2 times (x 71B)
Class com.google.common.collect.MapMakerInternalMap$Strength$2                        : loaded 2 times (x 78B)
Class org.gradle.internal.agents.InstrumentingClassLoader                             : loaded 2 times (x 68B)
Class org.gradle.internal.installation.CurrentGradleInstallationLocator               : loaded 2 times (x 69B)
Class [Lcom.google.common.cache.LocalCache$Segment;                                   : loaded 2 times (x 67B)
Class org.gradle.api.internal.classpath.Module                                        : loaded 2 times (x 68B)
Class com.google.common.collect.ImmutableSortedSet                                    : loaded 2 times (x 233B)
Class com.google.common.base.Splitter$1$1                                             : loaded 2 times (x 84B)
Class com.google.common.collect.MapMakerInternalMap$Segment                           : loaded 2 times (x 140B)
Class com.google.common.collect.ImmutableSet$JdkBackedSetBuilderImpl                  : loaded 2 times (x 74B)
Class com.google.common.collect.ImmutableSet$RegularSetBuilderImpl                    : loaded 2 times (x 75B)
Class [Lorg.objectweb.asm.AnnotationWriter;                                           : loaded 2 times (x 67B)
Class org.gradle.internal.service.CachingServiceLocator                               : loaded 2 times (x 80B)
Class [Lcom.google.common.collect.ImmutableEntry;                                     : loaded 2 times (x 67B)
Class com.google.common.collect.Sets$ImprovedAbstractSet                              : loaded 2 times (x 133B)
Class com.google.common.collect.AbstractMapBasedMultimap$AsMap                        : loaded 2 times (x 126B)
Class org.gradle.internal.classpath.DefaultClassPath                                  : loaded 2 times (x 88B)
Class com.google.common.collect.AbstractSetMultimap                                   : loaded 2 times (x 172B)
Class com.google.common.collect.MapMakerInternalMap$1                                 : loaded 2 times (x 81B)
Class com.google.common.util.concurrent.AbstractFuture$SetFuture                      : loaded 2 times (x 73B)
Class com.google.common.collect.CollectCollectors                                     : loaded 2 times (x 69B)
Class com.google.common.collect.TransformedIterator                                   : loaded 2 times (x 78B)
Class com.google.common.base.Splitter$SplittingIterator                               : loaded 2 times (x 82B)
Class com.google.common.collect.ImmutableMultisetGwtSerializationDependencies         : loaded 2 times (x 123B)
Class com.google.common.collect.ImmutableListMultimap                                 : loaded 2 times (x 174B)
Class com.google.common.cache.LocalCache$LocalManualCache$1                           : loaded 2 times (x 73B)
Class org.objectweb.asm.SymbolTable$Entry                                             : loaded 2 times (x 72B)
Class [Lcom.google.common.cache.LocalCache$EntryFactory;                              : loaded 2 times (x 67B)
Class settings_cqrrms8r9bzpzi59ufhy81pvo                                              : loaded 2 times (x 177B)
Class com.google.common.base.CharMatcher$Is                                           : loaded 2 times (x 109B)
Class com.google.common.base.Platform                                                 : loaded 2 times (x 69B)
Class com.google.common.collect.RegularImmutableAsList                                : loaded 2 times (x 176B)
Class com.google.common.base.Suppliers$NonSerializableMemoizingSupplier               : loaded 2 times (x 77B)
Class com.google.common.collect.PeekingIterator                                       : loaded 2 times (x 68B)
Class com.google.common.collect.ImmutableSetMultimap                                  : loaded 2 times (x 178B)
Class com.google.common.collect.ImmutableMapEntrySet                                  : loaded 2 times (x 149B)
Class com.google.common.cache.CacheLoader                                             : loaded 2 times (x 72B)
Class com.google.common.collect.ImmutableBiMapFauxverideShim                          : loaded 2 times (x 118B)
Class org.objectweb.asm.MethodTooLargeException                                       : loaded 2 times (x 81B)
Class com.google.common.cache.Cache                                                   : loaded 2 times (x 68B)
Class build_6k74g4dnmu6w321qrkgzc0y4o$_run_closure1                                   : loaded 2 times (x 137B)
Class com.google.common.collect.Maps$EntrySet                                         : loaded 2 times (x 134B)
Class org.gradle.internal.classloader.SystemClassLoaderSpec                           : loaded 2 times (x 69B)
Class com.google.common.io.LineBuffer                                                 : loaded 2 times (x 73B)
Class com.google.common.util.concurrent.internal.InternalFutureFailureAccess          : loaded 2 times (x 70B)
Class com.google.common.base.Charsets                                                 : loaded 2 times (x 69B)
Class com.google.common.primitives.Ints$IntConverter                                  : loaded 2 times (x 88B)
Class com.google.common.collect.SingletonImmutableSet                                 : loaded 2 times (x 144B)
Class com.google.common.collect.Interners$InternerBuilder                             : loaded 2 times (x 74B)
Class [Lcom.google.common.base.AbstractIterator$State;                                : loaded 2 times (x 67B)
Class com.google.common.collect.ImmutableMap$Builder                                  : loaded 2 times (x 80B)
Class com.google.common.io.LineReader$1                                               : loaded 2 times (x 73B)
Class com.google.common.base.AbstractIterator                                         : loaded 2 times (x 78B)
Class org.objectweb.asm.ClassWriter                                                   : loaded 2 times (x 104B)
Class com.google.common.collect.Range                                                 : loaded 2 times (x 85B)
Class com.google.common.base.AbstractIterator$1                                       : loaded 2 times (x 69B)
Class [Lcom.google.common.cache.CacheBuilder$OneWeigher;                              : loaded 2 times (x 67B)
Class com.google.common.collect.Iterators                                             : loaded 2 times (x 69B)
Class com.google.common.base.CharMatcher$1                                            : loaded 2 times (x 111B)
Class com.google.common.base.CharMatcher$Ascii                                        : loaded 2 times (x 110B)
Class com.google.common.cache.LocalCache$ComputingValueReference                      : loaded 2 times (x 94B)
Class org.gradle.api.UncheckedIOException                                             : loaded 2 times (x 80B)
Class com.google.common.base.CharMatcher$And                                          : loaded 2 times (x 110B)
Class [Lcom.google.common.io.FileWriteMode;                                           : loaded 2 times (x 67B)
Class com.google.common.io.Files$FileByteSink                                         : loaded 2 times (x 75B)
Class com.google.common.collect.IndexedImmutableSet                                   : loaded 2 times (x 148B)
Class com.google.common.base.ExtraObjectsMethodsForWeb                                : loaded 2 times (x 69B)
Class com.google.common.collect.ForwardingCollection                                  : loaded 2 times (x 128B)
Class com.google.common.collect.IndexedImmutableSet$1                                 : loaded 2 times (x 172B)
Class com.google.common.collect.AbstractListMultimap                                  : loaded 2 times (x 170B)
Class com.google.common.base.CharMatcher$Any                                          : loaded 2 times (x 110B)
Class com.google.common.cache.LocalCache$Strength                                     : loaded 2 times (x 79B)
Class com.google.common.collect.AbstractMapBasedMultimap$KeySet                       : loaded 2 times (x 135B)
Class com.google.common.collect.SortedIterable                                        : loaded 2 times (x 68B)
Class com.google.common.collect.ArrayListMultimapGwtSerializationDependencies         : loaded 2 times (x 170B)
Class com.google.common.base.CharMatcher$RangesMatcher                                : loaded 2 times (x 110B)
Class com.google.common.collect.AbstractMapBasedMultimap$RandomAccessWrappedList      : loaded 2 times (x 165B)
Class org.objectweb.asm.Handler                                                       : loaded 2 times (x 70B)
Class com.google.common.collect.ImmutableList$SubList                                 : loaded 2 times (x 168B)
Class com.google.common.cache.LocalCache$ValueReference                               : loaded 2 times (x 68B)
Class com.google.common.collect.CollectSpliterators                                   : loaded 2 times (x 69B)
Class org.objectweb.asm.ClassReader                                                   : loaded 2 times (x 91B)
Class com.google.common.io.Java8Compatibility                                         : loaded 2 times (x 69B)
Class org.gradle.internal.classloader.ClasspathUtil                                   : loaded 2 times (x 69B)
Class org.objectweb.asm.CurrentFrame                                                  : loaded 2 times (x 71B)
Class com.google.common.util.concurrent.AbstractFuture                                : loaded 2 times (x 93B)
Class com.google.common.base.Splitter$1                                               : loaded 2 times (x 75B)
Class com.google.common.collect.ReverseOrdering                                       : loaded 2 times (x 113B)
Class com.google.common.collect.TransformedListIterator                               : loaded 2 times (x 91B)
Class org.apache.http.util.Args                                                       : loaded 2 times (x 69B)
Class com.google.common.base.Ticker$1                                                 : loaded 2 times (x 70B)
Class com.google.common.collect.Maps$BiMapConverter                                   : loaded 2 times (x 88B)
Class org.gradle.api.internal.DefaultClassPathRegistry                                : loaded 2 times (x 74B)
Class com.google.common.util.concurrent.AbstractFuture$Cancellation                   : loaded 2 times (x 70B)
Class [Lorg.objectweb.asm.Symbol;                                                     : loaded 2 times (x 67B)
Class com.google.common.collect.Interner                                              : loaded 2 times (x 68B)
Class com.google.common.base.Predicates                                               : loaded 2 times (x 69B)
Class com.google.common.collect.ImmutableSet$SetBuilderImpl                           : loaded 2 times (x 74B)
Class org.gradle.api.internal.classpath.DefaultModuleRegistry$DefaultModule           : loaded 2 times (x 84B)
Class com.google.common.io.LineReader                                                 : loaded 2 times (x 70B)
Class com.google.common.base.CharMatcher$JavaIsoControl                               : loaded 2 times (x 110B)
Class com.google.common.collect.ImmutableMap$1                                        : loaded 2 times (x 79B)
Class com.google.common.base.CharMatcher$Or                                           : loaded 2 times (x 110B)
Class com.google.common.base.Suppliers$SupplierOfInstance                             : loaded 2 times (x 77B)
Class org.objectweb.asm.RecordComponentVisitor                                        : loaded 2 times (x 75B)
Class org.apache.http.HeaderElement                                                   : loaded 2 times (x 68B)
Class com.google.common.collect.Iterables                                             : loaded 2 times (x 69B)
Class com.google.common.base.CharMatcher$JavaLowerCase                                : loaded 2 times (x 109B)
Class org.objectweb.asm.ClassTooLargeException                                        : loaded 2 times (x 81B)
Class org.gradle.api.internal.classpath.UnknownModuleException                        : loaded 2 times (x 80B)
Class [Lcom.google.gson.stream.JsonToken;                                             : loaded 2 times (x 67B)
Class com.google.common.util.concurrent.AbstractFuture$Listener                       : loaded 2 times (x 70B)
Class com.google.common.collect.MapMakerInternalMap$StrongKeyDummyValueEntry$LinkedStrongKeyDummyValueEntry: loaded 2 times (x 80B)
Class org.objectweb.asm.Edge                                                          : loaded 2 times (x 70B)
Class com.google.common.collect.Maps$EntryTransformer                                 : loaded 2 times (x 68B)
Class com.google.common.collect.ImmutableCollection$Builder                           : loaded 2 times (x 74B)
Class com.google.common.io.ByteArrayDataInput                                         : loaded 2 times (x 68B)
Class [Lorg.objectweb.asm.SymbolTable$Entry;                                          : loaded 2 times (x 67B)
Class com.google.common.collect.SingletonImmutableBiMap                               : loaded 2 times (x 141B)
Class com.google.common.base.CommonPattern                                            : loaded 2 times (x 72B)
Class com.google.common.base.Suppliers$MemoizingSupplier                              : loaded 2 times (x 77B)
Class com.google.common.base.Suppliers                                                : loaded 2 times (x 69B)
Class [Lcom.google.common.collect.Iterators$EmptyModifiableIterator;                  : loaded 2 times (x 67B)
Class org.objectweb.asm.ClassVisitor                                                  : loaded 2 times (x 86B)
Class com.google.common.collect.MapMakerInternalMap$StrongKeyDummyValueEntry          : loaded 2 times (x 80B)
Class com.google.common.cache.LoadingCache                                            : loaded 2 times (x 68B)
Class org.gradle.internal.service.ServiceLookupException                              : loaded 2 times (x 80B)
Class com.google.common.collect.MapMakerInternalMap$StrongKeyDummyValueSegment        : loaded 2 times (x 140B)
Class org.gradle.cache.GlobalCache                                                    : loaded 2 times (x 68B)
Class com.google.common.base.Present                                                  : loaded 2 times (x 79B)
Class com.google.common.collect.ReverseNaturalOrdering                                : loaded 2 times (x 112B)
Class com.google.common.base.CharMatcher$NegatedFastMatcher                           : loaded 2 times (x 111B)
Class [Lorg.gradle.api.internal.ClassPathProvider;                                    : loaded 2 times (x 67B)
Class com.google.common.util.concurrent.AbstractFuture$SafeAtomicHelper               : loaded 2 times (x 77B)
Class com.google.common.collect.ImmutableMultimap$Values                              : loaded 2 times (x 124B)
Class org.gradle.util.internal.GUtil                                                  : loaded 2 times (x 69B)
Class com.google.common.math.IntMath                                                  : loaded 2 times (x 69B)
Class com.google.common.collect.AbstractIterator                                      : loaded 2 times (x 80B)
Class org.gradle.internal.classloader.ClassLoaderSpec                                 : loaded 2 times (x 69B)
Class com.google.common.io.LineProcessor                                              : loaded 2 times (x 68B)
Class com.google.common.base.NullnessCasts                                            : loaded 2 times (x 69B)
Class com.google.common.io.CharSink                                                   : loaded 2 times (x 77B)
Class org.objectweb.asm.Frame                                                         : loaded 2 times (x 71B)
Class com.google.common.cache.LocalCache$LocalManualCache                             : loaded 2 times (x 97B)
Class com.google.common.collect.AbstractMapEntry                                      : loaded 2 times (x 79B)
Class com.google.common.collect.ImmutableList$Builder                                 : loaded 2 times (x 75B)
Class com.google.common.base.CharMatcher$Negated                                      : loaded 2 times (x 111B)
Class com.google.common.cache.CacheLoader$1                                           : loaded 2 times (x 73B)
Class [Lcom.google.common.collect.MapMakerInternalMap$Strength;                       : loaded 2 times (x 67B)
Class com.google.common.util.concurrent.AbstractFuture$TrustedFuture                  : loaded 2 times (x 95B)
Class com.google.common.collect.MapMakerInternalMap$InternalEntry                     : loaded 2 times (x 68B)
Class com.google.common.collect.Maps$ViewCachingAbstractMap                           : loaded 2 times (x 123B)
Class com.google.common.collect.Sets                                                  : loaded 2 times (x 69B)
Class com.google.common.collect.ImmutableSet$Builder                                  : loaded 2 times (x 83B)
Class settings_cqrrms8r9bzpzi59ufhy81pvo$_run_closure1                                : loaded 2 times (x 137B)
Class com.google.common.collect.MapMakerInternalMap                                   : loaded 2 times (x 159B)
Class com.google.common.base.CharMatcher$ForPredicate                                 : loaded 2 times (x 110B)
Class com.google.common.collect.ImmutableMap$MapViewOfValuesAsSingletonSets           : loaded 2 times (x 123B)
Class com.google.common.collect.ImmutableMapKeySet                                    : loaded 2 times (x 148B)
Class com.google.common.base.MoreObjects                                              : loaded 2 times (x 69B)
Class com.google.common.collect.SortedMapDifference                                   : loaded 2 times (x 68B)
Class org.objectweb.asm.SymbolTable                                                   : loaded 2 times (x 70B)
Class [Lorg.objectweb.asm.AnnotationVisitor;                                          : loaded 2 times (x 67B)
Class com.google.common.cache.CacheStats                                              : loaded 2 times (x 69B)
Class org.objectweb.asm.Attribute                                                     : loaded 2 times (x 75B)
Class org.gradle.internal.classloader.VisitableURLClassLoader                         : loaded 2 times (x 115B)
Class com.google.common.cache.LocalCache$LocalLoadingCache                            : loaded 2 times (x 132B)
Class com.google.common.base.Supplier                                                 : loaded 2 times (x 68B)
Class com.google.common.collect.ImmutableMultimap$Keys                                : loaded 2 times (x 164B)
Class com.google.common.base.Objects                                                  : loaded 2 times (x 69B)
Class com.google.common.util.concurrent.AbstractFuture$AtomicHelper                   : loaded 2 times (x 76B)
Class com.google.common.collect.ImmutableBiMap                                        : loaded 2 times (x 141B)
Class org.gradle.internal.Cast                                                        : loaded 2 times (x 69B)
Class com.google.common.hash.PrimitiveSink                                            : loaded 2 times (x 68B)
Class org.gradle.api.internal.ClassPathRegistry                                       : loaded 2 times (x 68B)
Class com.google.common.cache.LocalCache$EntryFactory                                 : loaded 2 times (x 81B)
Class com.google.gson.stream.JsonReader                                               : loaded 2 times (x 95B)
Class com.google.common.util.concurrent.UncheckedExecutionException                   : loaded 2 times (x 80B)
Class com.google.gson.stream.MalformedJsonException                                   : loaded 2 times (x 80B)
Class com.google.common.collect.ImmutableSet                                          : loaded 2 times (x 143B)
Class org.gradle.internal.classloader.VisitableURLClassLoader$InstrumentingVisitableURLClassLoader: loaded 2 times (x 121B)
Class org.gradle.internal.classloader.ClassLoaderHierarchy                            : loaded 2 times (x 68B)
Class com.google.common.io.Closer$Suppressor                                          : loaded 2 times (x 68B)
Class com.google.common.collect.AbstractMapBasedMultimap$WrappedList                  : loaded 2 times (x 165B)
Class [Lorg.objectweb.asm.Type;                                                       : loaded 2 times (x 67B)
Class com.google.common.collect.MapMakerInternalMap$WeakValueReference                : loaded 2 times (x 68B)
Class com.google.common.base.AbstractIterator$State                                   : loaded 2 times (x 77B)
Class com.google.common.cache.Weigher                                                 : loaded 2 times (x 68B)
Class com.google.common.collect.MapMakerInternalMap$StrongValueEntry                  : loaded 2 times (x 68B)
Class com.google.common.base.CharMatcher$NamedFastMatcher                             : loaded 2 times (x 110B)
Class org.gradle.internal.InternalTransformer                                         : loaded 2 times (x 68B)
Class org.gradle.internal.service.ServiceLocator                                      : loaded 2 times (x 68B)
Class com.google.common.collect.ImmutableRangeSet$1                                   : loaded 2 times (x 169B)
Class com.google.common.util.concurrent.SettableFuture                                : loaded 2 times (x 95B)
Class com.google.common.io.Files$2                                                    : loaded 2 times (x 74B)
Class com.google.common.collect.ImmutableMapEntry                                     : loaded 2 times (x 83B)
Class com.google.common.io.ByteStreams                                                : loaded 2 times (x 69B)
Class com.google.gson.internal.JsonReaderInternalAccess                               : loaded 2 times (x 70B)
Class com.google.common.base.CharMatcher$Invisible                                    : loaded 2 times (x 110B)
Class com.google.common.base.Joiner$1                                                 : loaded 2 times (x 78B)
Class com.google.common.collect.MapMaker                                              : loaded 2 times (x 70B)
Class com.google.common.base.Joiner$2                                                 : loaded 2 times (x 77B)
Class com.google.common.collect.ImmutableMultiset                                     : loaded 2 times (x 161B)
Class com.google.common.base.CharMatcher$FastMatcher                                  : loaded 2 times (x 109B)
Class [Lorg.objectweb.asm.Label;                                                      : loaded 2 times (x 67B)
Class org.gradle.internal.classpath.DefaultClassPath$ImmutableUniqueList              : loaded 2 times (x 159B)
Class com.google.common.base.CharMatcher$JavaLetter                                   : loaded 2 times (x 109B)
Class com.google.common.collect.ImmutableMultimap$1                                   : loaded 2 times (x 80B)
Class com.google.common.collect.ImmutableMultimap$2                                   : loaded 2 times (x 79B)
Class org.gradle.internal.classpath.TransformedClassPath                              : loaded 2 times (x 94B)
Class com.google.common.collect.MapDifference                                         : loaded 2 times (x 68B)
Class com.google.common.collect.Sets$1                                                : loaded 2 times (x 137B)
Class com.google.common.collect.Sets$2                                                : loaded 2 times (x 137B)
Class com.google.common.util.concurrent.AbstractFuture$Trusted                        : loaded 2 times (x 68B)
Class com.google.common.collect.Sets$3                                                : loaded 2 times (x 137B)
Class com.google.common.graph.SuccessorsFunction                                      : loaded 2 times (x 68B)
Class com.google.common.collect.Sets$4                                                : loaded 2 times (x 137B)
Class com.google.common.io.ByteSink                                                   : loaded 2 times (x 74B)
Class com.google.common.collect.AbstractMapBasedMultimap$WrappedCollection$WrappedIterator: loaded 2 times (x 82B)
Class org.objectweb.asm.MethodWriter                                                  : loaded 2 times (x 104B)
Class com.google.common.collect.Platform                                              : loaded 2 times (x 69B)
Class com.google.common.collect.ImmutableAsList                                       : loaded 2 times (x 169B)
Class com.google.common.util.concurrent.ExecutionError                                : loaded 2 times (x 80B)
Class com.google.common.io.ByteSink$AsCharSink                                        : loaded 2 times (x 78B)
Class com.google.common.base.Equivalence$Identity                                     : loaded 2 times (x 80B)
Class com.google.common.base.CharMatcher$AnyOf                                        : loaded 2 times (x 110B)
Class com.google.common.base.CharMatcher$IsEither                                     : loaded 2 times (x 109B)
Class com.google.common.cache.LocalCache                                              : loaded 2 times (x 185B)
Class com.google.common.collect.ImmutableRangeSet$Builder                             : loaded 2 times (x 75B)
Class com.google.common.collect.RegularImmutableList                                  : loaded 2 times (x 172B)
Class com.google.common.util.concurrent.AbstractFuture$UnsafeAtomicHelper$1           : loaded 2 times (x 74B)
Class com.google.common.base.CharMatcher$JavaUpperCase                                : loaded 2 times (x 109B)
Class com.google.common.collect.Multiset                                              : loaded 2 times (x 68B)
Class com.google.common.collect.ImmutableSet$CachingAsList                            : loaded 2 times (x 145B)
Class [Lorg.apache.http.Header;                                                       : loaded 2 times (x 67B)
Class com.google.common.collect.NullsLastOrdering                                     : loaded 2 times (x 113B)
Class org.objectweb.asm.MethodVisitor                                                 : loaded 2 times (x 103B)
Class com.google.common.collect.AbstractMapBasedMultimap$KeySet$1                     : loaded 2 times (x 80B)
Class com.google.common.collect.ImmutableMapEntry$NonTerminalImmutableMapEntry        : loaded 2 times (x 83B)
Class com.google.common.collect.AbstractMapBasedMultimap                              : loaded 2 times (x 137B)
Class com.google.gson.stream.JsonToken                                                : loaded 2 times (x 77B)


---------------  S Y S T E M  ---------------

OS:
 Windows 11 , 64 bit Build 26100 (10.0.26100.9168)
OS uptime: 0 days 8:23 hours
Hyper-V role detected

CPU: total 8 (initial active 8) (8 cores per cpu, 2 threads per core) family 23 model 24 stepping 1 microcode 0x8108109, cx8, cmov, fxsr, ht, mmx, 3dnowpref, sse, sse2, sse3, ssse3, sse4a, sse4.1, sse4.2, popcnt, lzcnt, tsc, tscinvbit, avx, avx2, aes, clmul, bmi1, bmi2, adx, sha, fma, vzeroupper, clflush, clflushopt, hv
Processor Information for all 8 processors :
  Max Mhz: 2100, Current Mhz: 2100, Mhz Limit: 2100

Memory: 4k page, system-wide physical 6081M (52M free)
TotalPageFile size 24513M (AvailPageFile size 70M)
current process WorkingSet (physical memory assigned to process): 377M, peak: 511M
current process commit charge ("private bytes"): 786M, peak: 966M

vm_info: OpenJDK 64-Bit Server VM (17.0.10+0--11572160) for windows-amd64 JRE (17.0.10+0--11572160), built on Mar 13 2024 23:56:38 by "androidbuild" with MS VC++ 16.10 / 16.11 (VS2019)

END.
